id,type,title,channel_or_publisher,url,published,discovered,status,priority,domains,notes
yt-zzleYxkf39k,video,"8 Entrepreneurs Compete For $100,000 - Episode 1",NA,https://www.youtube.com/watch?v=zzleYxkf39k,NA,2026-07-08,L0-discovered,3,,views=0
yt-Z5rKn1ZIp3A,video,"I can�t hide this anymore.",NA,https://www.youtube.com/watch?v=Z5rKn1ZIp3A,NA,2026-07-08,L0-discovered,3,,views=0
yt-k5-57282taI,video,"How The Top 1% Actually Think About Trust",NA,https://www.youtube.com/watch?v=k5-57282taI,NA,2026-07-08,L0-discovered,3,,views=0
yt-sL16tsGafcQ,video,"If You Want To Create Wealth In 2026, Watch This (4 Paths)",NA,https://www.youtube.com/watch?v=sL16tsGafcQ,NA,2026-07-08,L0-discovered,3,,views=0
yt-XsWSvz-aewA,video,"The New Way of Making Content In The Age of AI",NA,https://www.youtube.com/watch?v=XsWSvz-aewA,NA,2026-07-08,L0-discovered,3,,views=0
yt-EonibwnAEME,video,"How to Catch Up In Life (Using Logic)",NA,https://www.youtube.com/watch?v=EonibwnAEME,NA,2026-07-08,L0-discovered,3,,views=0
yt-OQf2Ba-Lp_4,video,"Building a $2,500,000 Business for a Stranger in 36 Minutes",NA,https://www.youtube.com/watch?v=OQf2Ba-Lp_4,NA,2026-07-08,L0-discovered,3,,views=0
yt-3fsJFUvA6Ts,video,"What Makes The Perfect Business (5 Things)",NA,https://www.youtube.com/watch?v=3fsJFUvA6Ts,NA,2026-07-08,L0-discovered,3,,views=0
yt-0EqJD2o-Mnk,video,"Helping 6 Business Owners Scale in 33 Minutes",NA,https://www.youtube.com/watch?v=0EqJD2o-Mnk,NA,2026-07-08,L0-discovered,3,,views=0
yt-fr78adfAnuA,video,"How to Use AI in Your Business in 2026",NA,https://www.youtube.com/watch?v=fr78adfAnuA,NA,2026-07-08,L0-discovered,3,,views=0
yt-hHkdbr6_JJs,video,"How Acquisition.com Makes Money",NA,https://www.youtube.com/watch?v=hHkdbr6_JJs,NA,2026-07-08,L0-discovered,3,,views=0
yt-HGZOxBfnF-E,video,"Building a $1,000,000 Business for a Stranger in 26 Minutes",NA,https://www.youtube.com/watch?v=HGZOxBfnF-E,NA,2026-07-08,L0-discovered,3,,views=0
yt-Q8xXSMe8E4Q,video,"Reacting to My First Videos 10 Years Later",NA,https://www.youtube.com/watch?v=Q8xXSMe8E4Q,NA,2026-07-08,L0-discovered,3,,views=0
yt-yb2cLMMuMdQ,video,"How to make progress faster than everyone",NA,https://www.youtube.com/watch?v=yb2cLMMuMdQ,NA,2026-07-08,L0-discovered,3,,views=0
yt-BYpTRiRqS1Y,video,"Helping 4 Educational Business Owners Build a $1M Business in 25 Minutes",NA,https://www.youtube.com/watch?v=BYpTRiRqS1Y,NA,2026-07-08,L0-discovered,3,,views=0
yt-9q5ojtkqsBs,video,"How to Win With AI in 2026",NA,https://www.youtube.com/watch?v=9q5ojtkqsBs,NA,2026-07-08,L0-discovered,3,,views=0
yt-8C_6qojTA78,video,"Helping E-Commerce Business Owners Scale",NA,https://www.youtube.com/watch?v=8C_6qojTA78,NA,2026-07-08,L0-discovered,3,,views=0
yt--j8_YCWZ05Q,video,"How to Get Your Customers to Stay FOREVER",NA,https://www.youtube.com/watch?v=-j8_YCWZ05Q,NA,2026-07-08,L0-discovered,3,,views=0
yt-jqo0lVveh98,video,"Watch This If You Have a Service Business",NA,https://www.youtube.com/watch?v=jqo0lVveh98,NA,2026-07-08,L0-discovered,3,,views=0
yt-Jmkq5RLjm0U,video,"If I Wanted To Grow An Audience In 2026, I'd Do This",NA,https://www.youtube.com/watch?v=Jmkq5RLjm0U,NA,2026-07-08,L0-discovered,3,,views=0
yt-rMJIOK_FgJk,video,"The 6 Levels of Making Money",NA,https://www.youtube.com/watch?v=rMJIOK_FgJk,NA,2026-07-08,L0-discovered,3,,views=0
yt-jfW6gL6hKhk,video,"If I Wanted to Make My First $100K in 2026, I�d Do This",NA,https://www.youtube.com/watch?v=jfW6gL6hKhk,NA,2026-07-08,L0-discovered,3,,views=0
yt-MH-IMJxbUY4,video,"Building a $12,000,000 Business for a Stranger in 25 Minutes",NA,https://www.youtube.com/watch?v=MH-IMJxbUY4,NA,2026-07-08,L0-discovered,3,,views=0
yt-ZuJryiwxjDw,video,"Why you aren't making as much money as you want",NA,https://www.youtube.com/watch?v=ZuJryiwxjDw,NA,2026-07-08,L0-discovered,3,,views=0
yt-_KlZoPxbStk,video,"It took me 36 years to realize what I�ll tell you in 26 minutes�",NA,https://www.youtube.com/watch?v=_KlZoPxbStk,NA,2026-07-08,L0-discovered,3,,views=0
yt-6BQ3whjWG3M,video,"How the Top 1% Actually Think About Money",NA,https://www.youtube.com/watch?v=6BQ3whjWG3M,NA,2026-07-08,L0-discovered,3,,views=0
yt-A248pGXTSoY,video,"Why Ambitious People Stay Mediocre",NA,https://www.youtube.com/watch?v=A248pGXTSoY,NA,2026-07-08,L0-discovered,3,,views=0
yt-N5MExtki_VI,video,"If I Wanted To Scale A Service Business In 2026, Here's What I'd Do",NA,https://www.youtube.com/watch?v=N5MExtki_VI,NA,2026-07-08,L0-discovered,3,,views=0
yt-MZPVPCIeUpg,video,"How to Change Your Life",NA,https://www.youtube.com/watch?v=MZPVPCIeUpg,NA,2026-07-08,L0-discovered,3,,views=0
yt-qsXxckCbci0,video,"How To Grow ANY Business FASTER (Masterclass)",NA,https://www.youtube.com/watch?v=qsXxckCbci0,NA,2026-07-08,L0-discovered,3,,views=0
yt-A_tx40lNpf8,video,"The Mathematics of Business, Explained",NA,https://www.youtube.com/watch?v=A_tx40lNpf8,NA,2026-07-08,L0-discovered,3,,views=0
yt-u3H7CfpfwHQ,video,"We Broke The Guinness World Record In 24 Hours",NA,https://www.youtube.com/watch?v=u3H7CfpfwHQ,NA,2026-07-08,L0-discovered,3,,views=0
yt-vhOV_Od0A3M,video,"If you want 2026 to be the best year of your life, please watch this video...",NA,https://www.youtube.com/watch?v=vhOV_Od0A3M,NA,2026-07-08,L0-discovered,3,,views=0
yt-YONIUpk-kAs,video,"26 Harsh Lessons I Learned in 2025",NA,https://www.youtube.com/watch?v=YONIUpk-kAs,NA,2026-07-08,L0-discovered,3,,views=0
yt-q9qBqnhdWKw,video,"how to outlearn everyone",NA,https://www.youtube.com/watch?v=q9qBqnhdWKw,NA,2026-07-08,L0-discovered,3,,views=0
yt-UDBkiBnMrHs,video,"If you�re ambitious but inconsistent, please watch this",NA,https://www.youtube.com/watch?v=UDBkiBnMrHs,NA,2026-07-08,L0-discovered,3,,views=0
yt-uWdIgftpvBI,video,"If I Started A Business in 2026, I'd Do This",NA,https://www.youtube.com/watch?v=uWdIgftpvBI,NA,2026-07-08,L0-discovered,3,,views=0
yt-spXH1kJ6q-Q,video,"Watch This To Get Ahead In 2026",NA,https://www.youtube.com/watch?v=spXH1kJ6q-Q,NA,2026-07-08,L0-discovered,3,,views=0
yt-SE9_1PYsaP0,video,"Build a Mind So Strong It Scares People",NA,https://www.youtube.com/watch?v=SE9_1PYsaP0,NA,2026-07-08,L0-discovered,3,,views=0
yt-XGm2ERU9qtA,video,"15 Brutal Truths I Know at 36 That I Wish I Knew at 20",NA,https://www.youtube.com/watch?v=XGm2ERU9qtA,NA,2026-07-08,L0-discovered,3,,views=0
yt-sGakuNs9mT4,video,"How to Speak So Well People Give You Money",NA,https://www.youtube.com/watch?v=sGakuNs9mT4,NA,2026-07-08,L0-discovered,3,,views=0
yt-Mst4hreQYl0,video,"Watch This To Generate 1000s of Leads (In Any Niche)",NA,https://www.youtube.com/watch?v=Mst4hreQYl0,NA,2026-07-08,L0-discovered,3,,views=0
yt-mr4Pw66_490,video,"If I Wanted to Create a Business That Runs Itself, Here's What I'd Do",NA,https://www.youtube.com/watch?v=mr4Pw66_490,NA,2026-07-08,L0-discovered,3,,views=0
yt-0lMn_-EXyhQ,video,"If You're in Your 20s or 30s, Here's How to Win (at Anything)",NA,https://www.youtube.com/watch?v=0lMn_-EXyhQ,NA,2026-07-08,L0-discovered,3,,views=0
yt-hnmBXTyMFKI,video,"You can make way more money than you think",NA,https://www.youtube.com/watch?v=hnmBXTyMFKI,NA,2026-07-08,L0-discovered,3,,views=0
yt-WOZGZK7K-Jo,video,"how to force yourself to be consistent and do hard things",NA,https://www.youtube.com/watch?v=WOZGZK7K-Jo,NA,2026-07-08,L0-discovered,3,,views=0
yt-dMZ-n2KSlxE,video,"My Actual Social Media Strategy For 2026",NA,https://www.youtube.com/watch?v=dMZ-n2KSlxE,NA,2026-07-08,L0-discovered,3,,views=0
yt-Wr6n_zNKvMk,video,"Building a $1,000,000 Business for a Stranger in 69 Minutes",NA,https://www.youtube.com/watch?v=Wr6n_zNKvMk,NA,2026-07-08,L0-discovered,3,,views=0
yt-Avp3xh3Y1Ic,video,"If You Have a Hard Life, Watch This",NA,https://www.youtube.com/watch?v=Avp3xh3Y1Ic,NA,2026-07-08,L0-discovered,3,,views=0
yt-3SVksBB3_YY,video,"Give me 20 Minutes and I'll Give You Back 20 Years of Your Life",NA,https://www.youtube.com/watch?v=3SVksBB3_YY,NA,2026-07-08,L0-discovered,3,,views=0
yt-q_4P7FOFEEI,video,"If you're watching this, we did it.",NA,https://www.youtube.com/watch?v=q_4P7FOFEEI,NA,2026-07-08,L0-discovered,3,,views=0
yt-tGhe3sBuk34,video,"My final update",NA,https://www.youtube.com/watch?v=tGhe3sBuk34,NA,2026-07-08,L0-discovered,3,,views=0
yt-c6wfunUDDOs,video,"$100M Money Models Rick Roll",NA,https://www.youtube.com/watch?v=c6wfunUDDOs,NA,2026-07-08,L0-discovered,3,,views=0
yt-prj1bnTAM8A,video,"Your biggest advantage is no one knows who you are",NA,https://www.youtube.com/watch?v=prj1bnTAM8A,NA,2026-07-08,L0-discovered,3,,views=0
yt-3yAiVjcImQ4,video,"I Blew Up a Business Through 3 Small Changes (Just Copy Me)",NA,https://www.youtube.com/watch?v=3yAiVjcImQ4,NA,2026-07-08,L0-discovered,3,,views=0
yt-XwzU4RikbGs,video,"You're Setting Goals Wrong",NA,https://www.youtube.com/watch?v=XwzU4RikbGs,NA,2026-07-08,L0-discovered,3,,views=0
yt-nSQdjim8CsE,video,"Making Money is a Game (Here's the Cheat Code)",NA,https://www.youtube.com/watch?v=nSQdjim8CsE,NA,2026-07-08,L0-discovered,3,,views=0
yt-DaRXece2ItE,video,"Copy This Strategy, It'll Blow Up Your Business",NA,https://www.youtube.com/watch?v=DaRXece2ItE,NA,2026-07-08,L0-discovered,3,,views=0
yt-zgYQT-fdLL4,short,"My biggest announcement ever�",NA,https://www.youtube.com/watch?v=zgYQT-fdLL4,NA,2026-07-08,L0-discovered,3,,views=0
yt-ub1D6RQocRU,video,"If you're ambitious and in your 20s or 30s, please watch this.",NA,https://www.youtube.com/watch?v=ub1D6RQocRU,NA,2026-07-08,L0-discovered,3,,views=0
yt-m-k0_pQJ1fY,video,"Dangerously Honest Advice to Create Generational Wealth",NA,https://www.youtube.com/watch?v=m-k0_pQJ1fY,NA,2026-07-08,L0-discovered,3,,views=0
yt-SmiOK8Yun4s,video,"I Blew Up A Secret Business To Prove It�s Not Luck",NA,https://www.youtube.com/watch?v=SmiOK8Yun4s,NA,2026-07-08,L0-discovered,3,,views=0
yt-IFElGv5ZmRM,video,"You'll Find This Video When You Need it Most",NA,https://www.youtube.com/watch?v=IFElGv5ZmRM,NA,2026-07-08,L0-discovered,3,,views=0
yt-OUI12JmD-lM,video,"We Made a BIG Decision...",NA,https://www.youtube.com/watch?v=OUI12JmD-lM,NA,2026-07-08,L0-discovered,3,,views=0
yt-i7bLRKwKSms,video,"How I Would Build a Business in 2026 (If I Had to Start Over)",NA,https://www.youtube.com/watch?v=i7bLRKwKSms,NA,2026-07-08,L0-discovered,3,,views=0
yt-hfwZwPGsbIo,video,"Why Doing More Is Actually Making You Less Money",NA,https://www.youtube.com/watch?v=hfwZwPGsbIo,NA,2026-07-08,L0-discovered,3,,views=0
yt-UulLbNJMpTg,video,"give me 14 minutes and you'll learn how to be absurdly happy with your life",NA,https://www.youtube.com/watch?v=UulLbNJMpTg,NA,2026-07-08,L0-discovered,3,,views=0
yt-sGv2BTUCcCM,video,"How to Grow Your Business So FAST it Makes Your Accountant Nervous",NA,https://www.youtube.com/watch?v=sGv2BTUCcCM,NA,2026-07-08,L0-discovered,3,,views=0
yt--Koq14DPXC4,video,"Building a $2,300,000/yr Business for a Stranger in 57 Mins",NA,https://www.youtube.com/watch?v=-Koq14DPXC4,NA,2026-07-08,L0-discovered,3,,views=0
yt-unshZobTt6Q,video,"How to Start a Business From Nothing (Thank Me Later)",NA,https://www.youtube.com/watch?v=unshZobTt6Q,NA,2026-07-08,L0-discovered,3,,views=0
yt--JLN1d1ZKUU,video,"Less is More: The Magic of a Simple Business",NA,https://www.youtube.com/watch?v=-JLN1d1ZKUU,NA,2026-07-08,L0-discovered,3,,views=0
yt-Ds_Qp2U5I8U,video,"Business is now on �Easy Mode� in 2026 (here�s why)",NA,https://www.youtube.com/watch?v=Ds_Qp2U5I8U,NA,2026-07-08,L0-discovered,3,,views=0
yt--UzJOk85OZI,video,"How To Progress Way Faster Than Anyone Else",NA,https://www.youtube.com/watch?v=-UzJOk85OZI,NA,2026-07-08,L0-discovered,3,,views=0
yt-qqjGxVW-Ae0,video,"Stop Caring What Others Think of You So Much",NA,https://www.youtube.com/watch?v=qqjGxVW-Ae0,NA,2026-07-08,L0-discovered,3,,views=0
yt-fcyIoN8CUOk,video,"Why Being Fast Makes You Always Win (thank me later)",NA,https://www.youtube.com/watch?v=fcyIoN8CUOk,NA,2026-07-08,L0-discovered,3,,views=0
yt-aUnorufFIq8,video,"How to Get Anyone to Do Anything You Want",NA,https://www.youtube.com/watch?v=aUnorufFIq8,NA,2026-07-08,L0-discovered,3,,views=0
yt-JDR-R--4HhM,video,"14 Years of Marketing Advice in 35 Minutes",NA,https://www.youtube.com/watch?v=JDR-R--4HhM,NA,2026-07-08,L0-discovered,3,,views=0
yt-FiL0r5_dUvM,video,"Build Your Business Like Harvard",NA,https://www.youtube.com/watch?v=FiL0r5_dUvM,NA,2026-07-08,L0-discovered,3,,views=0
yt-IYuiV4YuGB4,video,"If you want to win in life, please watch this.",NA,https://www.youtube.com/watch?v=IYuiV4YuGB4,NA,2026-07-08,L0-discovered,3,,views=0
yt-CoPs-Bk8M9Y,video,"Business is hard until you do this",NA,https://www.youtube.com/watch?v=CoPs-Bk8M9Y,NA,2026-07-08,L0-discovered,3,,views=0
yt-h9UyQiLjSHg,video,"Building a $3,500,000 Business for Two Strangers in 52 Minutes",NA,https://www.youtube.com/watch?v=h9UyQiLjSHg,NA,2026-07-08,L0-discovered,3,,views=0
yt-by3ZEoo-Quc,video,"How to Buy Anything You Want Without Going Broke",NA,https://www.youtube.com/watch?v=by3ZEoo-Quc,NA,2026-07-08,L0-discovered,3,,views=0
yt-Jc2UW3nlNBA,video,"How to get what you want every time",NA,https://www.youtube.com/watch?v=Jc2UW3nlNBA,NA,2026-07-08,L0-discovered,3,,views=0
yt-kQFSiEDvXws,video,"The Biggest MYTH You Probably Still Believe",NA,https://www.youtube.com/watch?v=kQFSiEDvXws,NA,2026-07-08,L0-discovered,3,,views=0
yt-uYds0zcAFWM,video,"I Just Learned This After 14 Years of Business",NA,https://www.youtube.com/watch?v=uYds0zcAFWM,NA,2026-07-08,L0-discovered,3,,views=0
yt-s7QA1TJKlbQ,video,"4 Ways To Get Ahead of 99% of People",NA,https://www.youtube.com/watch?v=s7QA1TJKlbQ,NA,2026-07-08,L0-discovered,3,,views=0
yt--HJg4TYBgtI,video,"Watch These 51 Minutes if You Want to Grow Your Business in 2026 (Dave Ramsey Interview)",NA,https://www.youtube.com/watch?v=-HJg4TYBgtI,NA,2026-07-08,L0-discovered,3,,views=0
yt-q9OmYf_IlQ0,video,"The Top 1% of Business Owners Aren't Smarter Than You",NA,https://www.youtube.com/watch?v=q9OmYf_IlQ0,NA,2026-07-08,L0-discovered,3,,views=0
yt-6Fg4VXjRphQ,video,"I Confronted a Stranger With a Failing Business...",NA,https://www.youtube.com/watch?v=6Fg4VXjRphQ,NA,2026-07-08,L0-discovered,3,,views=0
yt-6uhd-FiCggg,video,"Why 'Following Your Dreams' is Keeping You Poor",NA,https://www.youtube.com/watch?v=6uhd-FiCggg,NA,2026-07-08,L0-discovered,3,,views=0
yt-MzAIP_WJ-jE,video,"Brutally Honest Truths That Give You an Unfair Advantage in Life",NA,https://www.youtube.com/watch?v=MzAIP_WJ-jE,NA,2026-07-08,L0-discovered,3,,views=0
yt-n6SHLmKcY0E,video,"Building a $3,000,000 Business for a Stranger in 57 Mins",NA,https://www.youtube.com/watch?v=n6SHLmKcY0E,NA,2026-07-08,L0-discovered,3,,views=0
yt-orMbq2LtzKE,video,"He Makes $600,000,000/Yr Selling Bacon",NA,https://www.youtube.com/watch?v=orMbq2LtzKE,NA,2026-07-08,L0-discovered,3,,views=0
yt---9kOXNCUdE,video,"$100M Investor Answers The Most Important Business Questions for 1 Hour",NA,https://www.youtube.com/watch?v=--9kOXNCUdE,NA,2026-07-08,L0-discovered,3,,views=0
yt-BMF2fWHyDrg,video,"Building a $3,500,000 Business for a Stranger in 51 Mins",NA,https://www.youtube.com/watch?v=BMF2fWHyDrg,NA,2026-07-08,L0-discovered,3,,views=0
yt-HwPXctiw_rY,video,"STEAL Ryan Reynolds' $1.3B Marketing Strategy [NO FAME REQUIRED]",NA,https://www.youtube.com/watch?v=HwPXctiw_rY,NA,2026-07-08,L0-discovered,3,,views=0
yt-QwEb78e5a8Y,video,"Answering Your Top Business Questions for 1 Hour",NA,https://www.youtube.com/watch?v=QwEb78e5a8Y,NA,2026-07-08,L0-discovered,3,,views=0
yt-npi7UeOE_0o,video,"I Ranked the Best Superbowl Ads 2026 [TIER LIST]",NA,https://www.youtube.com/watch?v=npi7UeOE_0o,NA,2026-07-08,L0-discovered,3,,views=0
yt-sBJppqCeFGI,video,"Building a $5,000,000 Business for a Stranger in 42 Mins",NA,https://www.youtube.com/watch?v=sBJppqCeFGI,NA,2026-07-08,L0-discovered,3,,views=0
yt-eX3Ch_HuR70,video,"Breaking down Rihanna�s Company (Real Tactics You Can Use)",NA,https://www.youtube.com/watch?v=eX3Ch_HuR70,NA,2026-07-08,L0-discovered,3,,views=0
yt-BO_59sGxztY,video,"How to Become Ultra Wealthy (4 Methods)",NA,https://www.youtube.com/watch?v=BO_59sGxztY,NA,2026-07-08,L0-discovered,3,,views=0
yt-nrounb8NlFQ,video,"Building a $1,000,000 Business for a Stranger in 56 Mins",NA,https://www.youtube.com/watch?v=nrounb8NlFQ,NA,2026-07-08,L0-discovered,3,,views=0
yt-4twK8Yl4iUI,video,"This Video Should be REQUIRED Viewing For Business Owners",NA,https://www.youtube.com/watch?v=4twK8Yl4iUI,NA,2026-07-08,L0-discovered,3,,views=0
yt-sjt5G3YPjmY,video,"Give Me 47 minutes, And I'll Fix Your Small Business",NA,https://www.youtube.com/watch?v=sjt5G3YPjmY,NA,2026-07-08,L0-discovered,3,,views=0
yt-StVqS0jD7Ls,video,"The Ultimate Sales Training for 2026 [Full Course]",NA,https://www.youtube.com/watch?v=StVqS0jD7Ls,NA,2026-07-08,L0-discovered,3,,views=0
yt-HxEQCHpZzHk,video,"How to Grow Your Business SO Fast in 2026 It Feels ILLEGAL",NA,https://www.youtube.com/watch?v=HxEQCHpZzHk,NA,2026-07-08,L0-discovered,3,,views=0
yt-6KqndZuN_Yk,video,"If you want 2026 to be the best year of your life. Please watch this video�",NA,https://www.youtube.com/watch?v=6KqndZuN_Yk,NA,2026-07-08,L0-discovered,3,,views=0
yt-thDTmy7VGIw,video,"This Video Will Make Your Business Unstoppable",NA,https://www.youtube.com/watch?v=thDTmy7VGIw,NA,2026-07-08,L0-discovered,3,,views=0
yt-cnbHgYYHzyE,video,"No BS Business Advice to Get Rich in 2026",NA,https://www.youtube.com/watch?v=cnbHgYYHzyE,NA,2026-07-08,L0-discovered,3,,views=0
yt-FMzKk73iUhw,video,"How To Get Customers So Fast It Feels ILLEGAL",NA,https://www.youtube.com/watch?v=FMzKk73iUhw,NA,2026-07-08,L0-discovered,3,,views=0
yt-ymFWgFiKUvM,video,"If You Have Less Than $10,000 Saved. Please Watch This Video...",NA,https://www.youtube.com/watch?v=ymFWgFiKUvM,NA,2026-07-08,L0-discovered,3,,views=0
yt-4Yz8ggEv0NU,video,"How to Get SO Rich You Realize Money Has No Meaning",NA,https://www.youtube.com/watch?v=4Yz8ggEv0NU,NA,2026-07-08,L0-discovered,3,,views=0
yt-wtsX7WHQMFM,video,"How the Top 1% ACTUALLY Make Their Money",NA,https://www.youtube.com/watch?v=wtsX7WHQMFM,NA,2026-07-08,L0-discovered,3,,views=0
yt-k-3PoOT4vOM,video,"How to Make Money So Fast It Feels ILLEGAL",NA,https://www.youtube.com/watch?v=k-3PoOT4vOM,NA,2026-07-08,L0-discovered,3,,views=0
yt-QTZsh3BgOwY,video,"You're WASTING Your Chance to Make INSANE Money",NA,https://www.youtube.com/watch?v=QTZsh3BgOwY,NA,2026-07-08,L0-discovered,3,,views=0
yt-ovL6Z5z0jxQ,video,"The 3 Fastest Ways I Know To Grow Any Business",NA,https://www.youtube.com/watch?v=ovL6Z5z0jxQ,NA,2026-07-08,L0-discovered,3,,views=0
yt-YUXLJauT4eY,video,"REVEALING Black Friday Secrets To Use In Your Business (feat. Shopify's President)",NA,https://www.youtube.com/watch?v=YUXLJauT4eY,NA,2026-07-08,L0-discovered,3,,views=0
yt-oDK4g5na4Jw,video,"No BS Advice to Get Rich Like the 1%",NA,https://www.youtube.com/watch?v=oDK4g5na4Jw,NA,2026-07-08,L0-discovered,3,,views=0
yt-rn5-yLUaNw0,video,"Why The Best Business to Start in 2026 is a Skool Community",NA,https://www.youtube.com/watch?v=rn5-yLUaNw0,NA,2026-07-08,L0-discovered,3,,views=0
yt-7qy-EPc2gYU,video,"My Full Workout with Chris Bumstead [6x Mr. Olympia Champion]",NA,https://www.youtube.com/watch?v=7qy-EPc2gYU,NA,2026-07-08,L0-discovered,3,,views=0
yt-TFxT3G5jwtU,video,"It's Actually Pretty Easy to Get Ahead of 99% of People",NA,https://www.youtube.com/watch?v=TFxT3G5jwtU,NA,2026-07-08,L0-discovered,3,,views=0
yt-pLhQOYMGa88,video,"Learn Email Marketing in 39 Minutes!",NA,https://www.youtube.com/watch?v=pLhQOYMGa88,NA,2026-07-08,L0-discovered,3,,views=0
yt-4GQLJjH9-oA,video,"This Business Was Stuck. Here's How I Fixed It.",NA,https://www.youtube.com/watch?v=4GQLJjH9-oA,NA,2026-07-08,L0-discovered,3,,views=0
yt-HsQeQM1jUeg,video,"If I Had To Start a Business From Scratch, I'd Do This",NA,https://www.youtube.com/watch?v=HsQeQM1jUeg,NA,2026-07-08,L0-discovered,3,,views=0
yt-AN2KpRBsmRY,video,"If I Wanted To Become a Millionaire in 2026, This Is What I'd Do [FULL BLUEPRINT]",NA,https://www.youtube.com/watch?v=AN2KpRBsmRY,NA,2026-07-08,L0-discovered,3,,views=0
yt-RVbvhPGFi6E,video,"After Closing 4000+ Sales, I Discovered a New Method to Close Deals Faster",NA,https://www.youtube.com/watch?v=RVbvhPGFi6E,NA,2026-07-08,L0-discovered,3,,views=0
yt-wR8KoE8u1p0,video,"My Evidence Based Guide to Making Money Online [TIER LIST]",NA,https://www.youtube.com/watch?v=wR8KoE8u1p0,NA,2026-07-08,L0-discovered,3,,views=0
yt-zNiXk_3C_Io,video,"The REAL Reason You�re Not Making as Much Money As You Want",NA,https://www.youtube.com/watch?v=zNiXk_3C_Io,NA,2026-07-08,L0-discovered,3,,views=0
yt-TooAB8Ow6cQ,video,"3 Hours of Money Making Advice You Needed To Know Yesterday",NA,https://www.youtube.com/watch?v=TooAB8Ow6cQ,NA,2026-07-08,L0-discovered,3,,views=0
yt-s6tkRztZwYc,video,"How to Articulate Your Thoughts More Clearly Than 99% of People",NA,https://www.youtube.com/watch?v=s6tkRztZwYc,NA,2026-07-08,L0-discovered,3,,views=0
yt-oZ-H_TjSzok,video,"No BS Advice to Get Rich in the Next 10 Years",NA,https://www.youtube.com/watch?v=oZ-H_TjSzok,NA,2026-07-08,L0-discovered,3,,views=0
yt-afbP6sB_Atc,video,"Watch this to keep more customers",NA,https://www.youtube.com/watch?v=afbP6sB_Atc,NA,2026-07-08,L0-discovered,3,,views=0
yt-lEIqyLE4iOY,video,"More Followers Won't Make You Rich, But This Will",NA,https://www.youtube.com/watch?v=lEIqyLE4iOY,NA,2026-07-08,L0-discovered,3,,views=0
yt-oRMG_HpOAN4,video,"13 Years of No BS Business Advice in 79 Mins",NA,https://www.youtube.com/watch?v=oRMG_HpOAN4,NA,2026-07-08,L0-discovered,3,,views=0
yt-fD-sxKiB30M,video,"How the top 1% make their money",NA,https://www.youtube.com/watch?v=fD-sxKiB30M,NA,2026-07-08,L0-discovered,3,,views=0
yt-JE2_7elAcxM,video,"How to Sell Better than 99% Of People (4 HOUR ULTIMATE GUIDE)",NA,https://www.youtube.com/watch?v=JE2_7elAcxM,NA,2026-07-08,L0-discovered,3,,views=0
yt-kloJJeiysxg,video,"4 Steps to Unf*** Your Business",NA,https://www.youtube.com/watch?v=kloJJeiysxg,NA,2026-07-08,L0-discovered,3,,views=0
yt-UGEc9-7X3OQ,video,"Building a brand, but it�s on easy mode instead",NA,https://www.youtube.com/watch?v=UGEc9-7X3OQ,NA,2026-07-08,L0-discovered,3,,views=0
yt-aFoMYz_jWcs,video,"How To Actually Get Rich In Your 20s",NA,https://www.youtube.com/watch?v=aFoMYz_jWcs,NA,2026-07-08,L0-discovered,3,,views=0
yt-6m6DCQMASEM,video,"10 Millionaires Asked Me How to Get Richer",NA,https://www.youtube.com/watch?v=6m6DCQMASEM,NA,2026-07-08,L0-discovered,3,,views=0
yt-fSbqaTlWaYI,video,"Learn Paid Ads in 30 Minutes!",NA,https://www.youtube.com/watch?v=fSbqaTlWaYI,NA,2026-07-08,L0-discovered,3,,views=0
yt-5MjjpB8SPMo,video,"GENIUS Strategy To Make Everyone Want to Buy Your Stuff",NA,https://www.youtube.com/watch?v=5MjjpB8SPMo,NA,2026-07-08,L0-discovered,3,,views=0
yt-F84olnKkseM,video,"Business Was Hard Until I Understood These 4 Concepts",NA,https://www.youtube.com/watch?v=F84olnKkseM,NA,2026-07-08,L0-discovered,3,,views=0
yt-Lc8DNduiwKA,video,"13 Ways to DESTROY Your Competition (Legally)",NA,https://www.youtube.com/watch?v=Lc8DNduiwKA,NA,2026-07-08,L0-discovered,3,,views=0
yt-rc7cxL7ql7Y,video,"58 Mins of Advice That Will Blow Up Your Business",NA,https://www.youtube.com/watch?v=rc7cxL7ql7Y,NA,2026-07-08,L0-discovered,3,,views=0
yt-rhVxX5_8xUw,video,"Business Owners, We Have a Problem",NA,https://www.youtube.com/watch?v=rhVxX5_8xUw,NA,2026-07-08,L0-discovered,3,,views=0
yt-07jC6ooRIHw,video,"Sick of Shiny Object Syndrome? Watch This",NA,https://www.youtube.com/watch?v=07jC6ooRIHw,NA,2026-07-08,L0-discovered,3,,views=0
yt-Rm4zRdLAyjw,video,"I Discovered The Easiest Million Dollar Business to Start in 2024",NA,https://www.youtube.com/watch?v=Rm4zRdLAyjw,NA,2026-07-08,L0-discovered,3,,views=0
yt-gD0X-PLax5I,video,"You're Not Behind: My System for Outworking Everyone",NA,https://www.youtube.com/watch?v=gD0X-PLax5I,NA,2026-07-08,L0-discovered,3,,views=0
yt-jzKpAtzKQ54,video,"Business Owners: You NEED to Know This Number",NA,https://www.youtube.com/watch?v=jzKpAtzKQ54,NA,2026-07-08,L0-discovered,3,,views=0
yt-nIk3DedjxJM,video,"'I'm Broke, What Business Do I Start?'",NA,https://www.youtube.com/watch?v=nIk3DedjxJM,NA,2026-07-08,L0-discovered,3,,views=0
yt-Uki3IUkUu7Q,video,"You Get Rich By Not Focusing On Getting Rich",NA,https://www.youtube.com/watch?v=Uki3IUkUu7Q,NA,2026-07-08,L0-discovered,3,,views=0
yt-cy2k1GdA-9o,video,"Sales Was Hard Until I Understood These 9 Concepts",NA,https://www.youtube.com/watch?v=cy2k1GdA-9o,NA,2026-07-08,L0-discovered,3,,views=0
yt-SasEJE4FI-I,video,"Your Failures Can Make You Rich (if you write them down)",NA,https://www.youtube.com/watch?v=SasEJE4FI-I,NA,2026-07-08,L0-discovered,3,,views=0
yt-qpQvdBFW_yI,video,"7 Ways To Get Customers for Free",NA,https://www.youtube.com/watch?v=qpQvdBFW_yI,NA,2026-07-08,L0-discovered,3,,views=0
yt-bgBIO6nZawg,video,"7 Millionaires Asked Me How to Get Rich(er)",NA,https://www.youtube.com/watch?v=bgBIO6nZawg,NA,2026-07-08,L0-discovered,3,,views=0
yt-GIRkQQHzsxI,video,"You�re Wasting 80% of Your Time (here�s how to fix it)",NA,https://www.youtube.com/watch?v=GIRkQQHzsxI,NA,2026-07-08,L0-discovered,3,,views=0
yt-OpeN4O5myIg,video,"This Email Campaign Generates Sales [Full Breakdown]",NA,https://www.youtube.com/watch?v=OpeN4O5myIg,NA,2026-07-08,L0-discovered,3,,views=0
yt-H_ZLs1-jOKQ,video,"Stop Being Broke. Get Busy.",NA,https://www.youtube.com/watch?v=H_ZLs1-jOKQ,NA,2026-07-08,L0-discovered,3,,views=0
yt-41EvCgwPrDc,video,"Make More Profit than 99% of People",NA,https://www.youtube.com/watch?v=41EvCgwPrDc,NA,2026-07-08,L0-discovered,3,,views=0
yt-VxKwz6hBVZU,video,"How to Build a Valuable Company You Can Sell Someday",NA,https://www.youtube.com/watch?v=VxKwz6hBVZU,NA,2026-07-08,L0-discovered,3,,views=0
yt-9unucIBuNio,video,"10x Your Profit. 10x Your Pricing. 10x Your Business. [Here's how]",NA,https://www.youtube.com/watch?v=9unucIBuNio,NA,2026-07-08,L0-discovered,3,,views=0
yt-p39nLmVtOjc,video,"You Made Your Customers ANGRY... Now What?",NA,https://www.youtube.com/watch?v=p39nLmVtOjc,NA,2026-07-08,L0-discovered,3,,views=0
yt-h6y0nYVZgwE,video,"If you're not unbelievably rich yet, this is why",NA,https://www.youtube.com/watch?v=h6y0nYVZgwE,NA,2026-07-08,L0-discovered,3,,views=0
yt-reisEL_D7xc,video,"13 Years of Marketing Advice in 85 Mins",NA,https://www.youtube.com/watch?v=reisEL_D7xc,NA,2026-07-08,L0-discovered,3,,views=0
yt-0S5xsICW8qg,video,"She Turned 5800 Followers Into $1 Million Per Year",NA,https://www.youtube.com/watch?v=0S5xsICW8qg,NA,2026-07-08,L0-discovered,3,,views=0
yt-JOfsujnXxCg,video,"I Posted ONLY Business Content for 30 Days [STRATEGY REVEALED]",NA,https://www.youtube.com/watch?v=JOfsujnXxCg,NA,2026-07-08,L0-discovered,3,,views=0
yt-rj7rzOdj84A,video,"Your Business Is NOT What You Think It Is",NA,https://www.youtube.com/watch?v=rj7rzOdj84A,NA,2026-07-08,L0-discovered,3,,views=0
yt-m5ordaa7NN4,video,"This Idea Will Make Your Business Unstoppable",NA,https://www.youtube.com/watch?v=m5ordaa7NN4,NA,2026-07-08,L0-discovered,3,,views=0
yt-3Ju1I37jWUM,video,"You're Not Behind: My System for Outlearning Everyone",NA,https://www.youtube.com/watch?v=3Ju1I37jWUM,NA,2026-07-08,L0-discovered,3,,views=0
yt-Luvfw14pVx4,video,"Business Owners: You're (Probably) Not Good Enough",NA,https://www.youtube.com/watch?v=Luvfw14pVx4,NA,2026-07-08,L0-discovered,3,,views=0
yt-1UhvBSQFy6A,video,"10x Revenue with 1 New Sales Process (You Can Steal It)",NA,https://www.youtube.com/watch?v=1UhvBSQFy6A,NA,2026-07-08,L0-discovered,3,,views=0
yt-KhFlD54nQrY,video,"13 Years Of Brutally Honest Business Advice in 90 Mins",NA,https://www.youtube.com/watch?v=KhFlD54nQrY,NA,2026-07-08,L0-discovered,3,,views=0
yt-6x3re5-Ms1E,video,"The Ultra Rich Playbook [Legal & Tax-Free]",NA,https://www.youtube.com/watch?v=6x3re5-Ms1E,NA,2026-07-08,L0-discovered,3,,views=0
yt-oRqnTOT9ZG8,video,"If I Wanted to Monetize An Audience in 2026, This is What I Would Do",NA,https://www.youtube.com/watch?v=oRqnTOT9ZG8,NA,2026-07-08,L0-discovered,3,,views=0
yt-Z2tgZC_XkT4,video,"How to 10x Your Business Overnight with Influencers",NA,https://www.youtube.com/watch?v=Z2tgZC_XkT4,NA,2026-07-08,L0-discovered,3,,views=0
yt-HVOubeXUcx0,video,"How I Gained 7.8 Million Followers In 40 Months (6 Key Lessons)",NA,https://www.youtube.com/watch?v=HVOubeXUcx0,NA,2026-07-08,L0-discovered,3,,views=0
yt-sPkMHh8zTMI,video,"7 Ways to Get People to Buy More Times",NA,https://www.youtube.com/watch?v=sPkMHh8zTMI,NA,2026-07-08,L0-discovered,3,,views=0
yt-VQM3DrnVTcs,video,"$100M CEO Explains How to Build A Brand in 2024",NA,https://www.youtube.com/watch?v=VQM3DrnVTcs,NA,2026-07-08,L0-discovered,3,,views=0
yt-IFpHasZ7jN4,video,"54.1% of People Who Try This Make their 1st Dollar Online",NA,https://www.youtube.com/watch?v=IFpHasZ7jN4,NA,2026-07-08,L0-discovered,3,,views=0
yt-oys_fv25SYM,video,"Advice I Wish Someone Gave Me When I Was Broke",NA,https://www.youtube.com/watch?v=oys_fv25SYM,NA,2026-07-08,L0-discovered,3,,views=0
yt-tdLLGKoBojo,video,"I Lost $100 Million... Here's What I Learned",NA,https://www.youtube.com/watch?v=tdLLGKoBojo,NA,2026-07-08,L0-discovered,3,,views=0
yt-M4evdxF5G0s,video,"watch this if you want to find your purpose in life",NA,https://www.youtube.com/watch?v=M4evdxF5G0s,NA,2026-07-08,L0-discovered,3,,views=0
yt-UxQJ64BNuco,video,"The Alex Hormozi Guide to Haters [REVEALED]",NA,https://www.youtube.com/watch?v=UxQJ64BNuco,NA,2026-07-08,L0-discovered,3,,views=0
yt-oK2_u-uS_Bo,video,"Money Lessons I Learned In Marriage.",NA,https://www.youtube.com/watch?v=oK2_u-uS_Bo,NA,2026-07-08,L0-discovered,3,,views=0
yt-nxL4ZfVqKLI,video,"Seriously, watch this before you go to college",NA,https://www.youtube.com/watch?v=nxL4ZfVqKLI,NA,2026-07-08,L0-discovered,3,,views=0
yt-5JLqmQlGG0U,video,"If I Wanted to Get Rich and Famous, This Is What I'd Do",NA,https://www.youtube.com/watch?v=5JLqmQlGG0U,NA,2026-07-08,L0-discovered,3,,views=0
yt-jiCGLDhUCHY,video,"If I Were Single and Starting Over, This Is What I Would Do",NA,https://www.youtube.com/watch?v=jiCGLDhUCHY,NA,2026-07-08,L0-discovered,3,,views=0
yt-YZdE8U5eD_s,video,"If You Want to Start a Business in 2024, Watch This Interview",NA,https://www.youtube.com/watch?v=YZdE8U5eD_s,NA,2026-07-08,L0-discovered,3,,views=0
yt-pt50QF6al8g,video,"Brutally Honest Advice to Build Your Confidence",NA,https://www.youtube.com/watch?v=pt50QF6al8g,NA,2026-07-08,L0-discovered,3,,views=0
yt-3aAbKVSFP6k,video,"'Getting rich isn't fun' [Ep 014]",NA,https://www.youtube.com/watch?v=3aAbKVSFP6k,NA,2026-07-08,L0-discovered,3,,views=0
yt-0_Gf5v8DEMY,video,"I Helped Business Owners Overcome Their Fear of Failure",NA,https://www.youtube.com/watch?v=0_Gf5v8DEMY,NA,2026-07-08,L0-discovered,3,,views=0
yt-DiQ3N8F1Hl8,video,"Brutally Honest Advice to my Poorer Younger Self",NA,https://www.youtube.com/watch?v=DiQ3N8F1Hl8,NA,2026-07-08,L0-discovered,3,,views=0
yt-hGX_z5rXRlU,video,"The Alex Hormozi Cookbook [REVEALED]",NA,https://www.youtube.com/watch?v=hGX_z5rXRlU,NA,2026-07-08,L0-discovered,3,,views=0
yt-hCgr7jT7JLA,video,"Answering Juicy Questions About Our Relationship",NA,https://www.youtube.com/watch?v=hCgr7jT7JLA,NA,2026-07-08,L0-discovered,3,,views=0
yt-QGcjweehrvU,video,"Million Dollar Equations",NA,https://www.youtube.com/watch?v=QGcjweehrvU,NA,2026-07-08,L0-discovered,3,,views=0
yt--NLqtk4F4oY,video,"Charlie Munger Changed My Life [8 Lessons]",NA,https://www.youtube.com/watch?v=-NLqtk4F4oY,NA,2026-07-08,L0-discovered,3,,views=0
yt-MNll1BaskLA,video,"How to Win (At ANYTHING)",NA,https://www.youtube.com/watch?v=MNll1BaskLA,NA,2026-07-08,L0-discovered,3,,views=0
yt-Tu6YDG0AZ5k,video,"'I'm Facing A Billion Dollar Decision' [Ep 012]",NA,https://www.youtube.com/watch?v=Tu6YDG0AZ5k,NA,2026-07-08,L0-discovered,3,,views=0
yt-OvEfWrDOfNk,video,"Why I Don't Go Home for the Holidays",NA,https://www.youtube.com/watch?v=OvEfWrDOfNk,NA,2026-07-08,L0-discovered,3,,views=0
yt-CaiLcj6tzBQ,video,"The Business Model That�s So Simple, Anyone Can Try It",NA,https://www.youtube.com/watch?v=CaiLcj6tzBQ,NA,2026-07-08,L0-discovered,3,,views=0
yt-U_s0ekwPK5g,video,"81 Minutes of Money Making Advice You Needed to Know Yesterday",NA,https://www.youtube.com/watch?v=U_s0ekwPK5g,NA,2026-07-08,L0-discovered,3,,views=0
yt-ABOd589OyTM,video,"My Full Body Workout (with Chris Williamson)",NA,https://www.youtube.com/watch?v=ABOd589OyTM,NA,2026-07-08,L0-discovered,3,,views=0
yt-VBoRLJimVzc,video,"If I Wanted to Become a Millionaire In 2024, This is What I'd Do [FULL BLUEPRINT]",NA,https://www.youtube.com/watch?v=VBoRLJimVzc,NA,2026-07-08,L0-discovered,3,,views=0
yt-mHrAjWni65E,video,"How to get rich this Black Friday",NA,https://www.youtube.com/watch?v=mHrAjWni65E,NA,2026-07-08,L0-discovered,3,,views=0
yt-I64gYLBrics,video,"How to make SO much money it makes you sick",NA,https://www.youtube.com/watch?v=I64gYLBrics,NA,2026-07-08,L0-discovered,3,,views=0
yt-ln24y0FPJHo,video,"Brutally Honest Advice to My Younger Poorer Self",NA,https://www.youtube.com/watch?v=ln24y0FPJHo,NA,2026-07-08,L0-discovered,3,,views=0
yt-yPDQCfrwh8E,video,"I Tried This Simple Business Strategy for 60 Days. This is what happened",NA,https://www.youtube.com/watch?v=yPDQCfrwh8E,NA,2026-07-08,L0-discovered,3,,views=0
yt-c_6BrF7jOGk,video,"I Doubled A Business in 60 Days to Show It's Not Luck (Part 1)",NA,https://www.youtube.com/watch?v=c_6BrF7jOGk,NA,2026-07-08,L0-discovered,3,,views=0
yt-Ktwv_uEW-uA,video,"'What now?' [Ep 009]",NA,https://www.youtube.com/watch?v=Ktwv_uEW-uA,NA,2026-07-08,L0-discovered,3,,views=0
yt-4GjwtnA76ig,video,"This video will make you more money than anything else on the Internet",NA,https://www.youtube.com/watch?v=4GjwtnA76ig,NA,2026-07-08,L0-discovered,3,,views=0
yt-jvXOOddDg_s,video,"How to Get Rich [Full Interview with Dave Ramsey]",NA,https://www.youtube.com/watch?v=jvXOOddDg_s,NA,2026-07-08,L0-discovered,3,,views=0
yt-aBPWCdaJJqA,video,"I Helped 6 Business Owners Make More Money",NA,https://www.youtube.com/watch?v=aBPWCdaJJqA,NA,2026-07-08,L0-discovered,3,,views=0
yt-HKbFUWJwEG0,video,"I Reverse Engineered the Perfect Business",NA,https://www.youtube.com/watch?v=HKbFUWJwEG0,NA,2026-07-08,L0-discovered,3,,views=0
yt-fd-hi3NqMYo,video,"I Gained 5,000,000+ Followers with this Secret Method",NA,https://www.youtube.com/watch?v=fd-hi3NqMYo,NA,2026-07-08,L0-discovered,3,,views=0
yt-qel9bf653Es,video,"Behind the Scenes of The $100M Leads Launch [Ep 006]",NA,https://www.youtube.com/watch?v=qel9bf653Es,NA,2026-07-08,L0-discovered,3,,views=0
yt-cHXYi7MqP5c,video,"Behind the Scenes of the $100M Leads Book Launch [OFFICIAL TRAILER]",NA,https://www.youtube.com/watch?v=cHXYi7MqP5c,NA,2026-07-08,L0-discovered,3,,views=0
yt-RdAKXJlMIZM,video,"How to get SO rich you question the meaning of making money",NA,https://www.youtube.com/watch?v=RdAKXJlMIZM,NA,2026-07-08,L0-discovered,3,,views=0
yt-w7g08dVTwaE,video,"Watch this to get your first 5 customers",NA,https://www.youtube.com/watch?v=w7g08dVTwaE,NA,2026-07-08,L0-discovered,3,,views=0
yt-60_7PU9JDIw,video,"My $100M Leads Affiliate Marketing Guide",NA,https://www.youtube.com/watch?v=60_7PU9JDIw,NA,2026-07-08,L0-discovered,3,,views=0
yt-5cOwh-8scu8,video,"Make Money Online (Without Destroying Your Reputation)",NA,https://www.youtube.com/watch?v=5cOwh-8scu8,NA,2026-07-08,L0-discovered,3,,views=0
yt-y7O-iTWwTW8,video,"Interviewing a Billionaire + Revealing My Workout Routine [Ep 005]",NA,https://www.youtube.com/watch?v=y7O-iTWwTW8,NA,2026-07-08,L0-discovered,3,,views=0
yt-7NMH1oAkgLY,video,"Giving Away Free Stuff Will Make You Rich",NA,https://www.youtube.com/watch?v=7NMH1oAkgLY,NA,2026-07-08,L0-discovered,3,,views=0
yt-VPre_XMgKjs,video,"Why MrBeast Will be Worth $100 Billion",NA,https://www.youtube.com/watch?v=VPre_XMgKjs,NA,2026-07-08,L0-discovered,3,,views=0
yt-zZyRg4Fzabk,short,"HUGE ANNOUNCEMENT",NA,https://www.youtube.com/watch?v=zZyRg4Fzabk,NA,2026-07-08,L0-discovered,3,,views=0
yt-Nh8Oc7ERdIU,video,"How to Get Ahead of 99% of People",NA,https://www.youtube.com/watch?v=Nh8Oc7ERdIU,NA,2026-07-08,L0-discovered,3,,views=0
yt-lJF__n_34ew,video,"My 12 Hour Work Day (in 15 Minutes) [Ep 003]",NA,https://www.youtube.com/watch?v=lJF__n_34ew,NA,2026-07-08,L0-discovered,3,,views=0
yt-YFA8AS5Cu2w,video,"watch this if you're tired of being broke",NA,https://www.youtube.com/watch?v=YFA8AS5Cu2w,NA,2026-07-08,L0-discovered,3,,views=0
yt-1taVrxMFjaY,video,"NO NEW FRIENDS (My 'Extreme Views' on Friendship)",NA,https://www.youtube.com/watch?v=1taVrxMFjaY,NA,2026-07-08,L0-discovered,3,,views=0
yt-9gVdCR7W8o8,video,"The REAL Reason Your Business Isn't Growing",NA,https://www.youtube.com/watch?v=9gVdCR7W8o8,NA,2026-07-08,L0-discovered,3,,views=0
yt-6ySRKgXBcO0,video,"Day In The Life of Alex Hormozi [Ep 002]",NA,https://www.youtube.com/watch?v=6ySRKgXBcO0,NA,2026-07-08,L0-discovered,3,,views=0
yt-qLM5G7N3l3I,video,"3 Ways to Do What You Love (and get wealthy too)",NA,https://www.youtube.com/watch?v=qLM5G7N3l3I,NA,2026-07-08,L0-discovered,3,,views=0
yt-KQuyQpFANpA,video,"3 Simple Fixes that Grow Any Business",NA,https://www.youtube.com/watch?v=KQuyQpFANpA,NA,2026-07-08,L0-discovered,3,,views=0
yt-oTQPxPFROck,video,"How to Build a LEGIT Online Course (Works in 2026)",NA,https://www.youtube.com/watch?v=oTQPxPFROck,NA,2026-07-08,L0-discovered,3,,views=0
yt-fxyhIXZ6Yog,video,"The Alex Hormozi Diet (REVEALED)",NA,https://www.youtube.com/watch?v=fxyhIXZ6Yog,NA,2026-07-08,L0-discovered,3,,views=0
yt-SYkwtqFoRcM,video,"How to go ALL IN on your side hustle...",NA,https://www.youtube.com/watch?v=SYkwtqFoRcM,NA,2026-07-08,L0-discovered,3,,views=0
yt-zBZHWrvjD8Y,video,"How I Set Goals That ACTUALLY MAKE MONEY",NA,https://www.youtube.com/watch?v=zBZHWrvjD8Y,NA,2026-07-08,L0-discovered,3,,views=0
yt-LVM89ik-7Kw,video,"'I'm Broke, What Should I Sell?'",NA,https://www.youtube.com/watch?v=LVM89ik-7Kw,NA,2026-07-08,L0-discovered,3,,views=0
yt-ueJg14gQLuc,video,"The SEASON OF NO (What it Takes to Win)",NA,https://www.youtube.com/watch?v=ueJg14gQLuc,NA,2026-07-08,L0-discovered,3,,views=0
yt-BHMeYaHEMpc,video,"How to Grow ANY Local Business (my framework)",NA,https://www.youtube.com/watch?v=BHMeYaHEMpc,NA,2026-07-08,L0-discovered,3,,views=0
yt-_PCCqqv2pig,video,"HOW TO GET WHAT YOU WANT (6 Proven Methods)",NA,https://www.youtube.com/watch?v=_PCCqqv2pig,NA,2026-07-08,L0-discovered,3,,views=0
yt-zNJ5JzEJgyo,video,"Why You Shouldn't Copy Me",NA,https://www.youtube.com/watch?v=zNJ5JzEJgyo,NA,2026-07-08,L0-discovered,3,,views=0
yt-vZfatNSouDQ,video,"Hardcore Business Lessons I Learned From A Dealer",NA,https://www.youtube.com/watch?v=vZfatNSouDQ,NA,2026-07-08,L0-discovered,3,,views=0
yt-ULGT0Qpglek,video,"17 Life-Changing Conversations I Wish I Had Earlier",NA,https://www.youtube.com/watch?v=ULGT0Qpglek,NA,2026-07-08,L0-discovered,3,,views=0
yt--wnnwCqGeNc,video,"The #1 Reason Young People Stay Poor",NA,https://www.youtube.com/watch?v=-wnnwCqGeNc,NA,2026-07-08,L0-discovered,3,,views=0
yt-0mqqbuM9sAk,video,"I Built 4 Businesses In A Row To Show It's Not Luck",NA,https://www.youtube.com/watch?v=0mqqbuM9sAk,NA,2026-07-08,L0-discovered,3,,views=0
yt-ONV__y1z7MI,video,"How The World�s RICHEST Man Made His Money",NA,https://www.youtube.com/watch?v=ONV__y1z7MI,NA,2026-07-08,L0-discovered,3,,views=0
yt-z7X95bn2T6A,video,"I Challenged My Team To Replace Themselves with AI",NA,https://www.youtube.com/watch?v=z7X95bn2T6A,NA,2026-07-08,L0-discovered,3,,views=0
yt-INm4U2S7Vu8,video,"Get RICH With These 24 Investing Rules",NA,https://www.youtube.com/watch?v=INm4U2S7Vu8,NA,2026-07-08,L0-discovered,3,,views=0
yt-rp1PzCxj3eU,video,"42 Recession Proof Money Hacks",NA,https://www.youtube.com/watch?v=rp1PzCxj3eU,NA,2026-07-08,L0-discovered,3,,views=0
yt-TIH1w-KuATk,video,"7 Secrets Behind Chick-fil-A�s $50B Empire",NA,https://www.youtube.com/watch?v=TIH1w-KuATk,NA,2026-07-08,L0-discovered,3,,views=0
yt-xZ8d9g6BcKM,video,"Building a Frozen Yogurt Store in 11 Minutes",NA,https://www.youtube.com/watch?v=xZ8d9g6BcKM,NA,2026-07-08,L0-discovered,3,,views=0
yt-vthPawWn6ws,video,"Watch this if you�re feeling burnt out",NA,https://www.youtube.com/watch?v=vthPawWn6ws,NA,2026-07-08,L0-discovered,3,,views=0
yt-KYqEK_T_5M4,video,"Get RICH in the A.I. Revolution (2023)",NA,https://www.youtube.com/watch?v=KYqEK_T_5M4,NA,2026-07-08,L0-discovered,3,,views=0
yt-q6SdmgIji30,video,"14 Money Mistakes to AVOID in Your 20's",NA,https://www.youtube.com/watch?v=q6SdmgIji30,NA,2026-07-08,L0-discovered,3,,views=0
yt-CGSd00h-6zI,video,"The Best Student Side Hustle in 2026",NA,https://www.youtube.com/watch?v=CGSd00h-6zI,NA,2026-07-08,L0-discovered,3,,views=0
yt-Day0yToqeco,video,"Why Looking Poor is actually Smart",NA,https://www.youtube.com/watch?v=Day0yToqeco,NA,2026-07-08,L0-discovered,3,,views=0
yt-4pZwlE86A5Y,video,"A YouTuber Asked Me 'How To Business'. Here's My Answer",NA,https://www.youtube.com/watch?v=4pZwlE86A5Y,NA,2026-07-08,L0-discovered,3,,views=0
yt-NDDFezF7OTA,video,"STOP trying to be happy.",NA,https://www.youtube.com/watch?v=NDDFezF7OTA,NA,2026-07-08,L0-discovered,3,,views=0
yt-K8MFC9t7snY,video,"How to get customers to pay forever",NA,https://www.youtube.com/watch?v=K8MFC9t7snY,NA,2026-07-08,L0-discovered,3,,views=0
yt-5MHQr-Z17Hc,video,"This ONE Equation Will Make You RICH",NA,https://www.youtube.com/watch?v=5MHQr-Z17Hc,NA,2026-07-08,L0-discovered,3,,views=0
yt-yflKMUffctE,video,"How They Keep You POOR Forever",NA,https://www.youtube.com/watch?v=yflKMUffctE,NA,2026-07-08,L0-discovered,3,,views=0
yt-GkL2KDOf2NM,video,"Billionaire Recession Advice: Stop Investing in THIS (2023)",NA,https://www.youtube.com/watch?v=GkL2KDOf2NM,NA,2026-07-08,L0-discovered,3,,views=0
yt-7sLXhCDRaV8,video,"10 Different Ways To Break Down Making $1 Million",NA,https://www.youtube.com/watch?v=7sLXhCDRaV8,NA,2026-07-08,L0-discovered,3,,views=0
yt-cq8GyLrEuAk,video,"14 Life Lessons I Wish I Knew Earlier",NA,https://www.youtube.com/watch?v=cq8GyLrEuAk,NA,2026-07-08,L0-discovered,3,,views=0
yt-vVssypj7nYw,video,"Why old friends keep you poor...",NA,https://www.youtube.com/watch?v=vVssypj7nYw,NA,2026-07-08,L0-discovered,3,,views=0
yt-6DCDGSnRDtM,video,"Get Rich in the New Economy",NA,https://www.youtube.com/watch?v=6DCDGSnRDtM,NA,2026-07-08,L0-discovered,3,,views=0
yt-PTgGfV8Tf00,video,"Hard work won't make you rich.",NA,https://www.youtube.com/watch?v=PTgGfV8Tf00,NA,2026-07-08,L0-discovered,3,,views=0
yt-39I8jEqFdYc,video,"I Was Wrong About Mentorship...",NA,https://www.youtube.com/watch?v=39I8jEqFdYc,NA,2026-07-08,L0-discovered,3,,views=0
yt-2lA_A8BGRRs,video,"How To Build Large Sales Teams (Starting from 0)",NA,https://www.youtube.com/watch?v=2lA_A8BGRRs,NA,2026-07-08,L0-discovered,3,,views=0
yt--TOYJHax5x8,video,"How I Wrote A #1 Bestseller with $0 and No Publisher",NA,https://www.youtube.com/watch?v=-TOYJHax5x8,NA,2026-07-08,L0-discovered,3,,views=0
yt-JsXZzgD_k9k,video,"This ONE Thing Will Make You A Better Entrepreneur",NA,https://www.youtube.com/watch?v=JsXZzgD_k9k,NA,2026-07-08,L0-discovered,3,,views=0
yt-bx48qPlaGvE,video,"My Best Sales Tactic (to Make a TON of Money)",NA,https://www.youtube.com/watch?v=bx48qPlaGvE,NA,2026-07-08,L0-discovered,3,,views=0
yt-7DKXLasU4Kg,video,"How To Never Feel Stressed Again",NA,https://www.youtube.com/watch?v=7DKXLasU4Kg,NA,2026-07-08,L0-discovered,3,,views=0
yt-yEKu6q0W3gs,video,"How TO Make A TON Of Money (in just a few minutes)",NA,https://www.youtube.com/watch?v=yEKu6q0W3gs,NA,2026-07-08,L0-discovered,3,,views=0
yt-_ArQlwPvGUA,video,"A Magic Business Genie Grants You 3 Wishes...",NA,https://www.youtube.com/watch?v=_ArQlwPvGUA,NA,2026-07-08,L0-discovered,3,,views=0
yt-PFKGHL1MqkU,video,"Investor 3min Morning Routine (It just works)",NA,https://www.youtube.com/watch?v=PFKGHL1MqkU,NA,2026-07-08,L0-discovered,3,,views=0
yt-7ITff1fIbSc,video,"How to Grow an Audience if You Have 0 Followers",NA,https://www.youtube.com/watch?v=7ITff1fIbSc,NA,2026-07-08,L0-discovered,3,,views=0
yt-5RiR6cBLkFg,video,"Why you should quit college.",NA,https://www.youtube.com/watch?v=5RiR6cBLkFg,NA,2026-07-08,L0-discovered,3,,views=0
yt-Q2JCTCQzgKM,video,"From Rock Bottom to Breakthrough (if you're feeling down, watch this)",NA,https://www.youtube.com/watch?v=Q2JCTCQzgKM,NA,2026-07-08,L0-discovered,3,,views=0
yt-LMlbWtUFa4E,video,"How Billionaires Make Their Billions",NA,https://www.youtube.com/watch?v=LMlbWtUFa4E,NA,2026-07-08,L0-discovered,3,,views=0
yt-LvHDT0ZxSmw,video,"Launch A Physical Product Brand The Right Way",NA,https://www.youtube.com/watch?v=LvHDT0ZxSmw,NA,2026-07-08,L0-discovered,3,,views=0
yt-dZ7xeVCYC5M,video,"How I Would Invest $1000 If I Were In My 20s",NA,https://www.youtube.com/watch?v=dZ7xeVCYC5M,NA,2026-07-08,L0-discovered,3,,views=0
yt-hrp3ehx_lJM,video,"How I Hacked My Brain to Feel Gratitude All the Time",NA,https://www.youtube.com/watch?v=hrp3ehx_lJM,NA,2026-07-08,L0-discovered,3,,views=0
yt-MD5-HByRxoA,video,"1.2M Followers in 6 Months� My Content Marketing Strategy REVEALED",NA,https://www.youtube.com/watch?v=MD5-HByRxoA,NA,2026-07-08,L0-discovered,3,,views=0
yt-JDkiAxSd5Ms,video,"'My Employees Don't Take My Business Serious...Why?'",NA,https://www.youtube.com/watch?v=JDkiAxSd5Ms,NA,2026-07-08,L0-discovered,3,,views=0
yt-JShQ8BX08rs,video,"10 KEYS to a TERRIBLE Business Partnership [GUARANTEED!]",NA,https://www.youtube.com/watch?v=JShQ8BX08rs,NA,2026-07-08,L0-discovered,3,,views=0
yt-NA61omfYgvI,video,"Applying $100M Offers to E-Commerce: I'm Pissed",NA,https://www.youtube.com/watch?v=NA61omfYgvI,NA,2026-07-08,L0-discovered,3,,views=0
yt-IMowPVgcWbA,video,"The SIMPLE Managerial Framework that changed my business",NA,https://www.youtube.com/watch?v=IMowPVgcWbA,NA,2026-07-08,L0-discovered,3,,views=0
yt-EUW3rMp-Uvg,video,"Biggest mistake that stopped me from getting past $30M",NA,https://www.youtube.com/watch?v=EUW3rMp-Uvg,NA,2026-07-08,L0-discovered,3,,views=0
yt-A9qHKjFPJ-E,video,"2 Types of Business Risk and the One I Choose EVERY TIME",NA,https://www.youtube.com/watch?v=A9qHKjFPJ-E,NA,2026-07-08,L0-discovered,3,,views=0
yt-To8jcTDwcxc,video,"Why I chose to disappoint my dad",NA,https://www.youtube.com/watch?v=To8jcTDwcxc,NA,2026-07-08,L0-discovered,3,,views=0
yt-6nkoXslz_pI,video,"Why I don't follow my feelings..",NA,https://www.youtube.com/watch?v=6nkoXslz_pI,NA,2026-07-08,L0-discovered,3,,views=0
yt-AGCtZmgJ1JA,video,"How I learned to SELL...[mindset training]",NA,https://www.youtube.com/watch?v=AGCtZmgJ1JA,NA,2026-07-08,L0-discovered,3,,views=0
yt-x1CtbsEqxW0,video,"I lived on $0 income for 3 years growing my business...",NA,https://www.youtube.com/watch?v=x1CtbsEqxW0,NA,2026-07-08,L0-discovered,3,,views=0
yt-Ul87yrDKZ78,video,"How to CLOSE THE SALE when the prospect says, 'I left my wallet at home..'",NA,https://www.youtube.com/watch?v=Ul87yrDKZ78,NA,2026-07-08,L0-discovered,3,,views=0
yt-OVhNSzFSoZs,video,"$100M CEO shares the SECRET to the FASTEST road to FINANCIAL FREEDOM",NA,https://www.youtube.com/watch?v=OVhNSzFSoZs,NA,2026-07-08,L0-discovered,3,,views=0
yt-WsYgWC7NmO8,video,"Top 10 Fast Business Lessons From My Last 10 Years",NA,https://www.youtube.com/watch?v=WsYgWC7NmO8,NA,2026-07-08,L0-discovered,3,,views=0
yt-pmxzhyF0NrE,video,"2 Signs That You Will Become Wealthy One Day..",NA,https://www.youtube.com/watch?v=pmxzhyF0NrE,NA,2026-07-08,L0-discovered,3,,views=0
yt-WrCt0R3FBFs,video,"How I built a 1.2M follower audience in 6 months",NA,https://www.youtube.com/watch?v=WrCt0R3FBFs,NA,2026-07-08,L0-discovered,3,,views=0
yt-FXzDLLdxsCk,video,"$100M CEO teaches the quickest way to increase revenue [without more marketing(or sales)]",NA,https://www.youtube.com/watch?v=FXzDLLdxsCk,NA,2026-07-08,L0-discovered,3,,views=0
yt-XwZH-lOKG9c,video,"KEYNOTE: Small To BIG. The Big 4 Customer Acquisition Models.",NA,https://www.youtube.com/watch?v=XwZH-lOKG9c,NA,2026-07-08,L0-discovered,3,,views=0
yt-rl_IkHyKHJI,video,"Why losing friends is normal...",NA,https://www.youtube.com/watch?v=rl_IkHyKHJI,NA,2026-07-08,L0-discovered,3,,views=0
yt-pWbSl7d0tEc,video,"I sold 8 businesses by age 32 [here�s how]",NA,https://www.youtube.com/watch?v=pWbSl7d0tEc,NA,2026-07-08,L0-discovered,3,,views=0
yt-QQGHCG8d1So,video,"I emailed myself all of my failures for the last 5 years...this is what I learned..",NA,https://www.youtube.com/watch?v=QQGHCG8d1So,NA,2026-07-08,L0-discovered,3,,views=0
yt-NcD2t9qt-fM,video,"The Best SALES TRAINING On The Internet",NA,https://www.youtube.com/watch?v=NcD2t9qt-fM,NA,2026-07-08,L0-discovered,3,,views=0
yt-yr1DrcPCKEg,video,"How the ULTRA WEALTHY get loans to buy cool stuff...",NA,https://www.youtube.com/watch?v=yr1DrcPCKEg,NA,2026-07-08,L0-discovered,3,,views=0
yt-WRW7eY6K4Jo,video,"They lied to you: Why Punishment DOESN'T WORK..",NA,https://www.youtube.com/watch?v=WRW7eY6K4Jo,NA,2026-07-08,L0-discovered,3,,views=0
yt-9ySuYdJ0H4s,video,"REPROGRAM your mind to be rich in 22 minutes....",NA,https://www.youtube.com/watch?v=9ySuYdJ0H4s,NA,2026-07-08,L0-discovered,3,,views=0
yt-kzKxrifSMNg,video,"How the best entrepreneurs REDEFINE reality..",NA,https://www.youtube.com/watch?v=kzKxrifSMNg,NA,2026-07-08,L0-discovered,3,,views=0
yt-bP_rsdO3hWM,video,"Why selfcare makes you poor & fragile [trigger warning]",NA,https://www.youtube.com/watch?v=bP_rsdO3hWM,NA,2026-07-08,L0-discovered,3,,views=0
yt-FNJpJG-sSXM,video,"Biden's tax plan.....",NA,https://www.youtube.com/watch?v=FNJpJG-sSXM,NA,2026-07-08,L0-discovered,3,,views=0
yt-pw1PcHfYP2w,video,"Starting a software company is a TERRIBLE F@#$ING IDEA... [TRIGGER WARNING]",NA,https://www.youtube.com/watch?v=pw1PcHfYP2w,NA,2026-07-08,L0-discovered,3,,views=0
yt-_33XVdvO4Gc,video,"The day when everything changed for me...",NA,https://www.youtube.com/watch?v=_33XVdvO4Gc,NA,2026-07-08,L0-discovered,3,,views=0
yt--Pz0NpcILOY,video,"I increased my wealth EXPONENTIALLY using the power of INVERSE thinking...",NA,https://www.youtube.com/watch?v=-Pz0NpcILOY,NA,2026-07-08,L0-discovered,3,,views=0
yt-aOq1Hdz0w3k,video,"What I look for to invest in companies [no bs]",NA,https://www.youtube.com/watch?v=aOq1Hdz0w3k,NA,2026-07-08,L0-discovered,3,,views=0
yt-MwhsM7qijy8,video,"6 Ways Small Businesses Beat Big(ger) Competitors...",NA,https://www.youtube.com/watch?v=MwhsM7qijy8,NA,2026-07-08,L0-discovered,3,,views=0
yt-RBR4BwOVNvs,video,"I sold everything",NA,https://www.youtube.com/watch?v=RBR4BwOVNvs,NA,2026-07-08,L0-discovered,3,,views=0
yt-Jv3GmZ9Odko,video,"What Millionaires Know That You Don't",NA,https://www.youtube.com/watch?v=Jv3GmZ9Odko,NA,2026-07-08,L0-discovered,3,,views=0
yt-bHnVItVGJPA,video,"$100M Salesman Reveals #1 Persuasion Hack",NA,https://www.youtube.com/watch?v=bHnVItVGJPA,NA,2026-07-08,L0-discovered,3,,views=0
yt-55H71isO_Bo,video,"I will never lose sleep again after learning this..",NA,https://www.youtube.com/watch?v=55H71isO_Bo,NA,2026-07-08,L0-discovered,3,,views=0
yt-YaNX49ygr0I,video,"How to get what you want...",NA,https://www.youtube.com/watch?v=YaNX49ygr0I,NA,2026-07-08,L0-discovered,3,,views=0
yt-sij16VKQL2M,video,"The biggest mistake in your 20's that will make you poor in your 30's",NA,https://www.youtube.com/watch?v=sij16VKQL2M,NA,2026-07-08,L0-discovered,3,,views=0
yt-Ec41cSp_tWc,video,"Why direct response marketers get rich...not wealthy",NA,https://www.youtube.com/watch?v=Ec41cSp_tWc,NA,2026-07-08,L0-discovered,3,,views=0
yt-j536U19iTwk,video,"Want to be rich? Stop letting THIS affect you...",NA,https://www.youtube.com/watch?v=j536U19iTwk,NA,2026-07-08,L0-discovered,3,,views=0
yt-kX2EJSwOCug,video,"If you think like this, you will stay poor and unhappy...",NA,https://www.youtube.com/watch?v=kX2EJSwOCug,NA,2026-07-08,L0-discovered,3,,views=0
yt--TydwZMX8wM,video,"How society fools the poor with 'work/life balance'",NA,https://www.youtube.com/watch?v=-TydwZMX8wM,NA,2026-07-08,L0-discovered,3,,views=0
yt-7NqsFh5ej0w,video,"The first 5 hires EVERY entrepreneur should make...or go broke...",NA,https://www.youtube.com/watch?v=7NqsFh5ej0w,NA,2026-07-08,L0-discovered,3,,views=0
yt-VgEvIIpDYG8,video,"The 10 Minute MILLIONAIRE entrepreneur advice for people starting from ZERO",NA,https://www.youtube.com/watch?v=VgEvIIpDYG8,NA,2026-07-08,L0-discovered,3,,views=0
yt-kW2vDMAmlPI,video,"$100M CEO: How I know who to trust...",NA,https://www.youtube.com/watch?v=kW2vDMAmlPI,NA,2026-07-08,L0-discovered,3,,views=0
yt-_gcqwupsza8,video,"I Sold My Company at 31: My Detailed Breakdown of the Decision",NA,https://www.youtube.com/watch?v=_gcqwupsza8,NA,2026-07-08,L0-discovered,3,,views=0
yt-lRyGIzW9d9k,video,"The anti-routine...[what billionaires use to win]",NA,https://www.youtube.com/watch?v=lRyGIzW9d9k,NA,2026-07-08,L0-discovered,3,,views=0
yt-2tHlHWgDRdQ,video,"The reason you are not successful...",NA,https://www.youtube.com/watch?v=2tHlHWgDRdQ,NA,2026-07-08,L0-discovered,3,,views=0
yt-w5g0JiO7OdE,video,"I paid 0% tax on 56% of my income...here's how..",NA,https://www.youtube.com/watch?v=w5g0JiO7OdE,NA,2026-07-08,L0-discovered,3,,views=0
yt-oi7bnS8uyJM,video,"30 Minutes of sales training that will explode your business in 2022",NA,https://www.youtube.com/watch?v=oi7bnS8uyJM,NA,2026-07-08,L0-discovered,3,,views=0
yt-okA9Yt2KZuk,video,"How I Scaled My Sales Team [Compensation, Recruiting & Training]",NA,https://www.youtube.com/watch?v=okA9Yt2KZuk,NA,2026-07-08,L0-discovered,3,,views=0
yt-qxQIcDrre1E,video,"Watch these 55 minutes if you want to be a millionaire in 2022..",NA,https://www.youtube.com/watch?v=qxQIcDrre1E,NA,2026-07-08,L0-discovered,3,,views=0
yt-_8olk4-VFP8,video,"7 figure CONFIDENTIAL meeting LEAKED - business growth STRATEGY exposed...",NA,https://www.youtube.com/watch?v=_8olk4-VFP8,NA,2026-07-08,L0-discovered,3,,views=0
yt-eVY4Zo-hpqU,video,"How I Put Out So Much Content Despite Being Part-Time",NA,https://www.youtube.com/watch?v=eVY4Zo-hpqU,NA,2026-07-08,L0-discovered,3,,views=0
yt-oW6JkqL6sdM,video,"A DOER's approach to PROCRASTINATION",NA,https://www.youtube.com/watch?v=oW6JkqL6sdM,NA,2026-07-08,L0-discovered,3,,views=0
yt-AH_R5cZNFFc,video,"*REVEALED* Compensation plans that ACTUALLY WORK...",NA,https://www.youtube.com/watch?v=AH_R5cZNFFc,NA,2026-07-08,L0-discovered,3,,views=0
yt-SbZFTPJ9KZU,video,"The 4 RAREST skills on earth that make BILLIONAIRES...",NA,https://www.youtube.com/watch?v=SbZFTPJ9KZU,NA,2026-07-08,L0-discovered,3,,views=0
yt-7YMjZgr7sHM,video,"$100M CEO: 'How to make the HARD decisions that change your life'",NA,https://www.youtube.com/watch?v=7YMjZgr7sHM,NA,2026-07-08,L0-discovered,3,,views=0
yt-o7R_K6LwKNk,video,"$100M CEO: 'Why therapists failed me...' [language warning]",NA,https://www.youtube.com/watch?v=o7R_K6LwKNk,NA,2026-07-08,L0-discovered,3,,views=0
yt-ahslH-8qoFY,video,"The Truth About Retiring At Age 31",NA,https://www.youtube.com/watch?v=ahslH-8qoFY,NA,2026-07-08,L0-discovered,3,,views=0
yt-gN--zZi3Nfc,video,"Why entrepreneurs stay broke and sad [trigger warning]",NA,https://www.youtube.com/watch?v=gN--zZi3Nfc,NA,2026-07-08,L0-discovered,3,,views=0
yt-F3NyhOtRpOE,video,"GROWTH LEVERS: Big Business Owner Explains Real World Tactics That Work",NA,https://www.youtube.com/watch?v=F3NyhOtRpOE,NA,2026-07-08,L0-discovered,3,,views=0
yt-GDqmlwY_uj4,video,"How I find MILLION DOLLAR opportunities...",NA,https://www.youtube.com/watch?v=GDqmlwY_uj4,NA,2026-07-08,L0-discovered,3,,views=0
yt-52tcB5FopAg,video,"How wealthy people avoid paying taxes..my new plan",NA,https://www.youtube.com/watch?v=52tcB5FopAg,NA,2026-07-08,L0-discovered,3,,views=0
yt-cX7cCA3Be8A,video,"The 4 Tiny Habits That Made Me The Most Money",NA,https://www.youtube.com/watch?v=cX7cCA3Be8A,NA,2026-07-08,L0-discovered,3,,views=0
yt-sGHbp0Vr1dQ,video,"Why I don't go home for the holidays",NA,https://www.youtube.com/watch?v=sGHbp0Vr1dQ,NA,2026-07-08,L0-discovered,3,,views=0
yt-PArqypiHcyQ,video,"IMPORTANT: How to get more sex and increase your revenue...(this works)",NA,https://www.youtube.com/watch?v=PArqypiHcyQ,NA,2026-07-08,L0-discovered,3,,views=0
yt-6ZEZWuVC8-8,video,"Millionaire explains why time is NOT the most precious resource...",NA,https://www.youtube.com/watch?v=6ZEZWuVC8-8,NA,2026-07-08,L0-discovered,3,,views=0
yt-Lxp-e5NionA,video,"How I recruit the best employees in the world...",NA,https://www.youtube.com/watch?v=Lxp-e5NionA,NA,2026-07-08,L0-discovered,3,,views=0
yt-EZLQzR-_83A,video,"The first product you must sell in a new business...",NA,https://www.youtube.com/watch?v=EZLQzR-_83A,NA,2026-07-08,L0-discovered,3,,views=0
yt-y3T4GqoH0Us,video,"How I became #1 in a 'saturated' industry in my 20s...",NA,https://www.youtube.com/watch?v=y3T4GqoH0Us,NA,2026-07-08,L0-discovered,3,,views=0
yt-ErWpi_91b70,video,"Why daily routines make you poor & fragile [trigger warning]",NA,https://www.youtube.com/watch?v=ErWpi_91b70,NA,2026-07-08,L0-discovered,3,,views=0
yt-RsXcCjLtnsA,video,"How I make friends with BILLIONAIRES [5 Steps]",NA,https://www.youtube.com/watch?v=RsXcCjLtnsA,NA,2026-07-08,L0-discovered,3,,views=0
yt-gZvW1Hghv6U,video,"the brutal truth behind passive income",NA,https://www.youtube.com/watch?v=gZvW1Hghv6U,NA,2026-07-08,L0-discovered,3,,views=0
yt-aOUK4DG0-kM,video,"This first hire nearly bankrupt me...but was worth it..",NA,https://www.youtube.com/watch?v=aOUK4DG0-kM,NA,2026-07-08,L0-discovered,3,,views=0
yt-cGup9yYrOoc,video,"How I CRUSH copycats, thieves and competition.",NA,https://www.youtube.com/watch?v=cGup9yYrOoc,NA,2026-07-08,L0-discovered,3,,views=0
yt-RpqSy5V1fFQ,video,"My Unconventional Diet Explained in 15min",NA,https://www.youtube.com/watch?v=RpqSy5V1fFQ,NA,2026-07-08,L0-discovered,3,,views=0
yt-neTSqOAMgao,video,"Explaining How Anyone Can Make $100M� Offers",NA,https://www.youtube.com/watch?v=neTSqOAMgao,NA,2026-07-08,L0-discovered,3,,views=0
yt-QtE6kk0158o,video,"Every business is limited by the constraint. Here's how to find it.",NA,https://www.youtube.com/watch?v=QtE6kk0158o,NA,2026-07-08,L0-discovered,3,,views=0
yt-MA-5y9s80Qs,video,"The SIMPLE FORMULA that has DESTROYED BILLION DOLLAR BUSINESSES",NA,https://www.youtube.com/watch?v=MA-5y9s80Qs,NA,2026-07-08,L0-discovered,3,,views=0
yt-O1As2zxy0es,video,"The Only 4 Ways To Scale A Service Business (PICK ONE)",NA,https://www.youtube.com/watch?v=O1As2zxy0es,NA,2026-07-08,L0-discovered,3,,views=0
yt-E732S9fteRc,video,"5 Things that BILLIONAIRES think about that MILLIONAIRES don't...",NA,https://www.youtube.com/watch?v=E732S9fteRc,NA,2026-07-08,L0-discovered,3,,views=0
yt-ebrcIErJi10,video,"Why PRETENDING to be RICH will make you POOR..",NA,https://www.youtube.com/watch?v=ebrcIErJi10,NA,2026-07-08,L0-discovered,3,,views=0
yt-DpbXWP8fLbc,video,"How to get unlimited funding to build your business in 30 days...",NA,https://www.youtube.com/watch?v=DpbXWP8fLbc,NA,2026-07-08,L0-discovered,3,,views=0
yt-3P1XjUvo1b4,video,"I cracked Starbucks RECURRING SALES model and built a FORTUNE...",NA,https://www.youtube.com/watch?v=3P1XjUvo1b4,NA,2026-07-08,L0-discovered,3,,views=0
yt-JbxxxVXzHEg,video,"5 UNTAPPED Industries that could make you a BILLIONAIRE",NA,https://www.youtube.com/watch?v=JbxxxVXzHEg,NA,2026-07-08,L0-discovered,3,,views=0
yt-BZQtuK-ucDM,video,"NEVER lower your prices...",NA,https://www.youtube.com/watch?v=BZQtuK-ucDM,NA,2026-07-08,L0-discovered,3,,views=0
yt-f_ceDZqhKbw,video,"'My business has stopped growing..what should I do?'",NA,https://www.youtube.com/watch?v=f_ceDZqhKbw,NA,2026-07-08,L0-discovered,3,,views=0
yt-a0hUVFYzv3k,video,"LEAKED: Street millionaire employee training...how he REALLY got rich..",NA,https://www.youtube.com/watch?v=a0hUVFYzv3k,NA,2026-07-08,L0-discovered,3,,views=0
yt-m-7VjocC76M,video,"How To Make BUCKETS of Money In SERVICE Businesses",NA,https://www.youtube.com/watch?v=m-7VjocC76M,NA,2026-07-08,L0-discovered,3,,views=0
yt-gxKxeie5JFo,video,"Hard Money Lending EXPLAINED [I lent $3,000,000 using this]",NA,https://www.youtube.com/watch?v=gxKxeie5JFo,NA,2026-07-08,L0-discovered,3,,views=0
yt-ThSFgC_4NVA,video,"How to sell a product - The most PURSUASIVE tactic you can use...",NA,https://www.youtube.com/watch?v=ThSFgC_4NVA,NA,2026-07-08,L0-discovered,3,,views=0
yt-Xb9ZOA6zypU,video,"My 7 year journey to making my first million.",NA,https://www.youtube.com/watch?v=Xb9ZOA6zypU,NA,2026-07-08,L0-discovered,3,,views=0
yt-sEQNnsaeiAs,video,"I STARTED AND SOLD 6 BUSINESSES BY AGE 32...my boring formula..",NA,https://www.youtube.com/watch?v=sEQNnsaeiAs,NA,2026-07-08,L0-discovered,3,,views=0
yt-uRhArskhqms,video,"Entrepreneurs, your lack of focus is killing your business.",NA,https://www.youtube.com/watch?v=uRhArskhqms,NA,2026-07-08,L0-discovered,3,,views=0
yt-jOM0m34dxz4,video,"Netflix's Recurring Revenue Tactics Can Scale Any Business",NA,https://www.youtube.com/watch?v=jOM0m34dxz4,NA,2026-07-08,L0-discovered,3,,views=0
yt-TNQyFxVbkBs,video,"How MILLIONAIRES become BILLIONAIRES...",NA,https://www.youtube.com/watch?v=TNQyFxVbkBs,NA,2026-07-08,L0-discovered,3,,views=0
yt--fV1MZe2vzs,video,"A BILLIONAIRE taught me how to think like a BILLIONAIRE..",NA,https://www.youtube.com/watch?v=-fV1MZe2vzs,NA,2026-07-08,L0-discovered,3,,views=0
yt-s59jbVBprn0,video,"Entrepreneurs, stop starting new businesses. Fix the one you've got.",NA,https://www.youtube.com/watch?v=s59jbVBprn0,NA,2026-07-08,L0-discovered,3,,views=0
yt-bxs5pN0ZnRw,video,"This is my plan to become a BILLIONAIRE.",NA,https://www.youtube.com/watch?v=bxs5pN0ZnRw,NA,2026-07-08,L0-discovered,3,,views=0
yt-8GRfCTu9Lsg,video,"Brutally Honest Business Lessons I Learned from My Wife",NA,https://www.youtube.com/watch?v=8GRfCTu9Lsg,NA,2026-07-08,L0-discovered,3,,views=0
yt-R9gHvJxHRhA,video,"We're giving away all our money.",NA,https://www.youtube.com/watch?v=R9gHvJxHRhA,NA,2026-07-08,L0-discovered,3,,views=0
yt-zh0bklzwI3g,video,"How to Pick the Right Mentor",NA,https://www.youtube.com/watch?v=zh0bklzwI3g,NA,2026-07-08,L0-discovered,3,,views=0
yt-RzswhUHnTHA,video,"I spent $2,000,000 and it didn't make me happy..",NA,https://www.youtube.com/watch?v=RzswhUHnTHA,NA,2026-07-08,L0-discovered,3,,views=0
yt-_qspvJAq34M,video,"How I got 700 people to pay me $40,000 each...no bs..",NA,https://www.youtube.com/watch?v=_qspvJAq34M,NA,2026-07-08,L0-discovered,3,,views=0
yt-FKWEybUIda4,video,"I quit advertising..this is why",NA,https://www.youtube.com/watch?v=FKWEybUIda4,NA,2026-07-08,L0-discovered,3,,views=0
yt-EdUAAVKl_io,video,"I Built a Business That Runs Without Me",NA,https://www.youtube.com/watch?v=EdUAAVKl_io,NA,2026-07-08,L0-discovered,3,,views=0
yt-MLkFOaxIdxM,video,"The Biggest Mistake Everyone is Making",NA,https://www.youtube.com/watch?v=MLkFOaxIdxM,NA,2026-07-08,L0-discovered,3,,views=0
yt-4vLgOX1Ykjg,video,"I told myself I was wealthy until it came true.",NA,https://www.youtube.com/watch?v=4vLgOX1Ykjg,NA,2026-07-08,L0-discovered,3,,views=0
yt-OmDv6-651SM,video,"My SIMPLE voice tweak that EXPLODED OUR REVENUE...",NA,https://www.youtube.com/watch?v=OmDv6-651SM,NA,2026-07-08,L0-discovered,3,,views=0
yt-kULFeI3LRYk,video,"I SPENT $100,000 on courses, so you don't have to...",NA,https://www.youtube.com/watch?v=kULFeI3LRYk,NA,2026-07-08,L0-discovered,3,,views=0
yt-s3tH9Sz1fEc,video,"I stepped down as CEO...and created a PASSIVE INCOME machine..",NA,https://www.youtube.com/watch?v=s3tH9Sz1fEc,NA,2026-07-08,L0-discovered,3,,views=0
yt-aO56wn5sBSA,video,"A BILLIONAIRE told me how to invest my money...this is my plan..",NA,https://www.youtube.com/watch?v=aO56wn5sBSA,NA,2026-07-08,L0-discovered,3,,views=0
yt-ug5N9qmFVKQ,video,"How I'm building a BILLION DOLLAR empire working 2-3 days per week..",NA,https://www.youtube.com/watch?v=ug5N9qmFVKQ,NA,2026-07-08,L0-discovered,3,,views=0
yt-K3cSPJDlcVc,video,"Entrepreneurs Get Stuck For 3 Reasons",NA,https://www.youtube.com/watch?v=K3cSPJDlcVc,NA,2026-07-08,L0-discovered,3,,views=0
yt-Ikm8tTuA10Q,video,"Why you should NEVER  listen to your parents at any age...",NA,https://www.youtube.com/watch?v=Ikm8tTuA10Q,NA,2026-07-08,L0-discovered,3,,views=0
yt-rX5zKeQu7ow,video,"We fired everyone who was late...this is why..",NA,https://www.youtube.com/watch?v=rX5zKeQu7ow,NA,2026-07-08,L0-discovered,3,,views=0
yt-sSEm3qJUh9s,video,"POOR & WEAK? WATCH THIS!",NA,https://www.youtube.com/watch?v=sSEm3qJUh9s,NA,2026-07-08,L0-discovered,3,,views=0
yt-AM_-lnyY70M,video,"How the rich avoid paying taxes - the Augusta Rule LOOPHOLE",NA,https://www.youtube.com/watch?v=AM_-lnyY70M,NA,2026-07-08,L0-discovered,3,,views=0
yt-Gy-RmpRif-I,video,"How To Raise Your Prices [plus the letter I actually sent to customers]",NA,https://www.youtube.com/watch?v=Gy-RmpRif-I,NA,2026-07-08,L0-discovered,3,,views=0
yt-A4L3byKcYQg,video,"Scaling Business Explained With One Formula",NA,https://www.youtube.com/watch?v=A4L3byKcYQg,NA,2026-07-08,L0-discovered,3,,views=0
yt-PxpPynt1mis,video,"Here's Why I Always Give Away a % of My Business",NA,https://www.youtube.com/watch?v=PxpPynt1mis,NA,2026-07-08,L0-discovered,3,,views=0
yt-Gh9zWsP8JpI,video,"How To Upsell More Customers By Reversing Your Pricing",NA,https://www.youtube.com/watch?v=Gh9zWsP8JpI,NA,2026-07-08,L0-discovered,3,,views=0
yt-V7oUcAfof34,video,"I OWN 6 multimillion dollar companies...this is how I do it...",NA,https://www.youtube.com/watch?v=V7oUcAfof34,NA,2026-07-08,L0-discovered,3,,views=0
yt-_x6n-CmZqjo,video,"A BILLIONAIRE told me how to make BILLION DOLLARS...here's my plan...",NA,https://www.youtube.com/watch?v=_x6n-CmZqjo,NA,2026-07-08,L0-discovered,3,,views=0
yt-lIC8fYbrkII,video,"How To Scale Yourself: The What-Why-How Framework",NA,https://www.youtube.com/watch?v=lIC8fYbrkII,NA,2026-07-08,L0-discovered,3,,views=0
yt-bkPwFqa89gE,video,"Unconventional Productivity Habits That Made Me Successful",NA,https://www.youtube.com/watch?v=bkPwFqa89gE,NA,2026-07-08,L0-discovered,3,,views=0
yt-GO6VCcLlnLs,video,"How I RAISE PRICES without losing sales...(using this psychological trick)",NA,https://www.youtube.com/watch?v=GO6VCcLlnLs,NA,2026-07-08,L0-discovered,3,,views=0
yt-oLsWhSRypzM,video,"Never start a business until you hear this..(3 THINGS THAT MAY CHANGE YOUR MIND)",NA,https://www.youtube.com/watch?v=oLsWhSRypzM,NA,2026-07-08,L0-discovered,3,,views=0
yt-al_WXFDbN8I,video,"How gurus lie about how much MONEY they make...I'm calling it out..",NA,https://www.youtube.com/watch?v=al_WXFDbN8I,NA,2026-07-08,L0-discovered,3,,views=0
yt-42SOlVhDwWE,video,"1 SIMPLE mental technique that will SKYROCKET your sales...",NA,https://www.youtube.com/watch?v=42SOlVhDwWE,NA,2026-07-08,L0-discovered,3,,views=0
yt-CRMT2yubBxc,video,"The best way to invest your money...nobody will tell you this.",NA,https://www.youtube.com/watch?v=CRMT2yubBxc,NA,2026-07-08,L0-discovered,3,,views=0
yt-YhxiVIQp_ws,video,"How the rich avoid paying taxes...MY strategy - Part 1",NA,https://www.youtube.com/watch?v=YhxiVIQp_ws,NA,2026-07-08,L0-discovered,3,,views=0
yt-iFhiK5zORGk,video,"How To Charge Exorbitant Prices",NA,https://www.youtube.com/watch?v=iFhiK5zORGk,NA,2026-07-08,L0-discovered,3,,views=0
yt-BnvkMpUu-7c,video,"My 4-Part Invesing Model (with real example)",NA,https://www.youtube.com/watch?v=BnvkMpUu-7c,NA,2026-07-08,L0-discovered,3,,views=0
yt-ZfaZYFx89UU,video,"The 4 Ways Fortunes Are Made (and how I stumbled into one)",NA,https://www.youtube.com/watch?v=ZfaZYFx89UU,NA,2026-07-08,L0-discovered,3,,views=0
yt-DAm0EOes5to,video,"What I Learned After Countless Failed Business Partnerships",NA,https://www.youtube.com/watch?v=DAm0EOes5to,NA,2026-07-08,L0-discovered,3,,views=0
yt-9xFtox66U28,video,"When Money Stopped Mattering",NA,https://www.youtube.com/watch?v=9xFtox66U28,NA,2026-07-08,L0-discovered,3,,views=0
yt-d0dBZbd13jM,video,"9 Money Beliefs of the Ultra Wealthy",NA,https://www.youtube.com/watch?v=d0dBZbd13jM,NA,2026-07-08,L0-discovered,3,,views=0
yt-q32-l3Yoqg4,video,"I Taught 116+ Salesmen My Closing Framework",NA,https://www.youtube.com/watch?v=q32-l3Yoqg4,NA,2026-07-08,L0-discovered,3,,views=0
yt-gpKz22P84iM,video,"The Talent Grid - How I Recognize Skill in Self & Team",NA,https://www.youtube.com/watch?v=gpKz22P84iM,NA,2026-07-08,L0-discovered,3,,views=0
yt-7C-P-ctmhuU,video,"4 Perspective Shifts That Keep Me Going",NA,https://www.youtube.com/watch?v=7C-P-ctmhuU,NA,2026-07-08,L0-discovered,3,,views=0
yt-t7o8dtUWPQg,video,"Millionaire Reveals �7 Things I Wish They Taught In School�",NA,https://www.youtube.com/watch?v=t7o8dtUWPQg,NA,2026-07-08,L0-discovered,3,,views=0
yt-noO8ERpgMr4,video,"�The 3 Evil Es� That Almost Killed My Business",NA,https://www.youtube.com/watch?v=noO8ERpgMr4,NA,2026-07-08,L0-discovered,3,,views=0
yt-R7JOslrt51o,video,"This is why I was Poor",NA,https://www.youtube.com/watch?v=R7JOslrt51o,NA,2026-07-08,L0-discovered,3,,views=0
yt-c5Lw12PXkgU,video,"How I Lost $217,000 on A Day Trade & How I Trade Now",NA,https://www.youtube.com/watch?v=c5Lw12PXkgU,NA,2026-07-08,L0-discovered,3,,views=0
yt-t9Vv7rK-4Jc,video,"I Broke Down Every High Margin Service Into 6 Buckets [Delivery Cube]",NA,https://www.youtube.com/watch?v=t9Vv7rK-4Jc,NA,2026-07-08,L0-discovered,3,,views=0
yt-C_SgvSvJZdk,video,"The 8 Laws of Business I Learned From Charlie Munger",NA,https://www.youtube.com/watch?v=C_SgvSvJZdk,NA,2026-07-08,L0-discovered,3,,views=0
yt-vKnAWYqMJ10,video,"I Spent $312,900 Living Like The 1% (Here's What I Learned)",NA,https://www.youtube.com/watch?v=vKnAWYqMJ10,NA,2026-07-08,L0-discovered,3,,views=0
yt-9Dc2UQbQNTo,video,"3 Landing Page Tests To Skyrocket Conversions & Optins",NA,https://www.youtube.com/watch?v=9Dc2UQbQNTo,NA,2026-07-08,L0-discovered,3,,views=0
yt-awOQDy_o9ww,video,"How to buyback your time as a business owner",NA,https://www.youtube.com/watch?v=awOQDy_o9ww,NA,2026-07-08,L0-discovered,3,,views=0
yt-EPEjYEihZ1s,video,"Warren Buffett�s #1 Rule for Business Owners",NA,https://www.youtube.com/watch?v=EPEjYEihZ1s,NA,2026-07-08,L0-discovered,3,,views=0
yt-ZZZNsDs2G_s,video,"Wealth Principle #1: Get Paid First",NA,https://www.youtube.com/watch?v=ZZZNsDs2G_s,NA,2026-07-08,L0-discovered,3,,views=0
yt--is6Z2T2h8o,video,"All Entrepreneurs Have Only 1 Problem...",NA,https://www.youtube.com/watch?v=-is6Z2T2h8o,NA,2026-07-08,L0-discovered,3,,views=0
yt-Tw6kJkVcTL0,video,"1 SKILL That Is HARD To Learn, BUT Will Pay Off FOREVER",NA,https://www.youtube.com/watch?v=Tw6kJkVcTL0,NA,2026-07-08,L0-discovered,3,,views=0
yt-ETEFhDICm5o,video,"Close High-Ticket Sales By Saying 'NO'",NA,https://www.youtube.com/watch?v=ETEFhDICm5o,NA,2026-07-08,L0-discovered,3,,views=0
yt-Q2VUuUGfpNY,video,"6 Hacks To Make More Money [Increase LTV] Without More Customers",NA,https://www.youtube.com/watch?v=Q2VUuUGfpNY,NA,2026-07-08,L0-discovered,3,,views=0
yt-0BZ7-PZR8jE,video,"How I Got 106M Impressions With Ads",NA,https://www.youtube.com/watch?v=0BZ7-PZR8jE,NA,2026-07-08,L0-discovered,3,,views=0
yt-R7Fin9HFhoM,video,"The 4 Stages of Entrepreneurship",NA,https://www.youtube.com/watch?v=R7Fin9HFhoM,NA,2026-07-08,L0-discovered,3,,views=0
yt-QbDFCbpmI6w,video,"The Actual Secret Behind Mastering Sales & Marketing",NA,https://www.youtube.com/watch?v=QbDFCbpmI6w,NA,2026-07-08,L0-discovered,3,,views=0
yt-KNl83INePXI,video,"'I'm Broke... What Should I Do?'",NA,https://www.youtube.com/watch?v=KNl83INePXI,NA,2026-07-08,L0-discovered,3,,views=0
yt-UR9dO1jZemE,video,"Easiest Way To Get Your First 5 Clients [if you have no budget]",NA,https://www.youtube.com/watch?v=UR9dO1jZemE,NA,2026-07-08,L0-discovered,3,,views=0
yt-BSwJQsogah0,video,"Investor Boils Down Business Growth to Simple Math",NA,https://www.youtube.com/watch?v=BSwJQsogah0,NA,2026-07-08,L0-discovered,3,,views=0
yt-sKCrYIWPHLc,video,"I Built My $100M Business WRONG...",NA,https://www.youtube.com/watch?v=sKCrYIWPHLc,NA,2026-07-08,L0-discovered,3,,views=0
yt-yJfn_pWzFqg,video,"Top Signs You Have The Wrong Business Partner",NA,https://www.youtube.com/watch?v=yJfn_pWzFqg,NA,2026-07-08,L0-discovered,3,,views=0
yt-JfbtySq6_B4,video,"Sell Anything To Anyone With This Unusual Method",NA,https://www.youtube.com/watch?v=JfbtySq6_B4,NA,2026-07-08,L0-discovered,3,,views=0
yt-RZbpSe9pdFs,video,"3 Steps To Starting (Or Fixing) Any Business",NA,https://www.youtube.com/watch?v=RZbpSe9pdFs,NA,2026-07-08,L0-discovered,3,,views=0
yt-CojS0DwflXc,video,"3 Simple Steps To Close Any Sale",NA,https://www.youtube.com/watch?v=CojS0DwflXc,NA,2026-07-08,L0-discovered,3,,views=0
yt-VaE4pcf9PI8,video,"'What Business Should I Start in 2021?' [Perfect Business Model]",NA,https://www.youtube.com/watch?v=VaE4pcf9PI8,NA,2026-07-08,L0-discovered,3,,views=0
yt-rnvOwA39dDg,video,"How To Retire Early (and be in the top 1%)",NA,https://www.youtube.com/watch?v=rnvOwA39dDg,NA,2026-07-08,L0-discovered,3,,views=0
yt-xQLQoGD6Sjg,video,"The Choice | How To Improve Decision Making Skills",NA,https://www.youtube.com/watch?v=xQLQoGD6Sjg,NA,2026-07-08,L0-discovered,3,,views=0
yt-Cr0KdqZ954c,video,"Introduction To Marketing | Business Marketing 101",NA,https://www.youtube.com/watch?v=Cr0KdqZ954c,NA,2026-07-08,L0-discovered,3,,views=0
yt-9xAMe0QBFhU,video,"If You Don't Understand Margin, You Don't Understand Business",NA,https://www.youtube.com/watch?v=9xAMe0QBFhU,NA,2026-07-08,L0-discovered,3,,views=0
yt-w9Zvk70uj5Q,video,"How To Create Luck",NA,https://www.youtube.com/watch?v=w9Zvk70uj5Q,NA,2026-07-08,L0-discovered,3,,views=0
yt-FTgJ0mQi0uU,video,"#1 Lesson for Young Entrepreneurs from $100M CEO | Alex Hormozi",NA,https://www.youtube.com/watch?v=FTgJ0mQi0uU,NA,2026-07-08,L0-discovered,3,,views=0
yt-4LeHKDGmEIQ,video,"This is Why You're Not Happy - Eye Opening",NA,https://www.youtube.com/watch?v=4LeHKDGmEIQ,NA,2026-07-08,L0-discovered,3,,views=0
yt-bSYfZdAE8Ks,video,"Don't Start a Business Until You Watch This...",NA,https://www.youtube.com/watch?v=bSYfZdAE8Ks,NA,2026-07-08,L0-discovered,3,,views=0
yt-cemduJKQl5w,video,"Recruiting and Hiring Tips - How to Hire The Best Employees",NA,https://www.youtube.com/watch?v=cemduJKQl5w,NA,2026-07-08,L0-discovered,3,,views=0
yt-Fy8XX8EuEnA,video,"Big Business Owner Shares 1 YR of Wealth Lessons in 63min",NA,https://www.youtube.com/watch?v=Fy8XX8EuEnA,NA,2026-07-08,L0-discovered,3,,views=0
yt-LqC-oXjatmA,video,"The Key To Finding a Profitable Market",NA,https://www.youtube.com/watch?v=LqC-oXjatmA,NA,2026-07-08,L0-discovered,3,,views=0
yt-6KRpQvWNpm4,video,"The Realization That Reshaped My Approach To Business",NA,https://www.youtube.com/watch?v=6KRpQvWNpm4,NA,2026-07-08,L0-discovered,3,,views=0
yt-s9fSDCRPQNA,video,"Why The First $100k is the Toughest | Charlie Munger Secrets",NA,https://www.youtube.com/watch?v=s9fSDCRPQNA,NA,2026-07-08,L0-discovered,3,,views=0
yt-imd_QRQbVeY,video,"Negative Emotional Motivation",NA,https://www.youtube.com/watch?v=imd_QRQbVeY,NA,2026-07-08,L0-discovered,3,,views=0
yt-Kj3xhPRJtQA,video,"The Wealthiest 1% Get There By Doing THIS",NA,https://www.youtube.com/watch?v=Kj3xhPRJtQA,NA,2026-07-08,L0-discovered,3,,views=0
yt-4XWlHPyAico,video,"3 Ways To Increase Wealth Through Business Now",NA,https://www.youtube.com/watch?v=4XWlHPyAico,NA,2026-07-08,L0-discovered,3,,views=0
yt-xy1h4qqF778,video,"The 'Assumed Close': How to Close Deals Without Resistance",NA,https://www.youtube.com/watch?v=xy1h4qqF778,NA,2026-07-08,L0-discovered,3,,views=0
yt-vHi18F4yyH4,video,"The Mind-Blowing Reason A Competitor Made Twice As Much As Me",NA,https://www.youtube.com/watch?v=vHi18F4yyH4,NA,2026-07-08,L0-discovered,3,,views=0
yt-ZuFSLAw2pEI,video,"This Lesson Cost me $5,000,000...",NA,https://www.youtube.com/watch?v=ZuFSLAw2pEI,NA,2026-07-08,L0-discovered,3,,views=0
yt-OyGKFhTf0go,video,"The Copy Rule I Learned From The Best Copywriter I Know",NA,https://www.youtube.com/watch?v=OyGKFhTf0go,NA,2026-07-08,L0-discovered,3,,views=0
yt-1IhvZC-Wpqs,video,"Marketing Mastery - How To Get Your Ideal Clients To Come To You",NA,https://www.youtube.com/watch?v=1IhvZC-Wpqs,NA,2026-07-08,L0-discovered,3,,views=0
yt-9lLLBlo0YXA,video,"Say THIS When Your Competition is CHEAPER",NA,https://www.youtube.com/watch?v=9lLLBlo0YXA,NA,2026-07-08,L0-discovered,3,,views=0
yt-rNiMm4eVq4M,video,"You Can Turn Any Income Goal Into Action Steps in 3 minutes",NA,https://www.youtube.com/watch?v=rNiMm4eVq4M,NA,2026-07-08,L0-discovered,3,,views=0
yt-ZLGqnXkjfsQ,video,"How To Level Up In Business - Understanding Tradeoffs",NA,https://www.youtube.com/watch?v=ZLGqnXkjfsQ,NA,2026-07-08,L0-discovered,3,,views=0
yt-3iHzbqKw7GA,video,"No Opportunity is Forever (And this is why thats good...)",NA,https://www.youtube.com/watch?v=3iHzbqKw7GA,NA,2026-07-08,L0-discovered,3,,views=0
yt-yAVI0PS-hzU,video,"Unlock High Income Skills Without a Degree",NA,https://www.youtube.com/watch?v=yAVI0PS-hzU,NA,2026-07-08,L0-discovered,3,,views=0
yt-JfcIUxa8Nn0,video,"Serial CEO Sells 4 Companies Using This Ancient Business Strategy",NA,https://www.youtube.com/watch?v=JfcIUxa8Nn0,NA,2026-07-08,L0-discovered,3,,views=0
yt-y4VoOKa1ywQ,video,"The #1 Way To Increase Profits",NA,https://www.youtube.com/watch?v=y4VoOKa1ywQ,NA,2026-07-08,L0-discovered,3,,views=0
yt-XZEjp2mP1U0,video,"How to Scale Your Business Fast",NA,https://www.youtube.com/watch?v=XZEjp2mP1U0,NA,2026-07-08,L0-discovered,3,,views=0
yt-bgmh7p1s7zs,video,"How I Built A 20+ Sales Team [The Process]",NA,https://www.youtube.com/watch?v=bgmh7p1s7zs,NA,2026-07-08,L0-discovered,3,,views=0
yt-XC_lklN9KmE,video,"Your Inflow Is Your Bottleneck (ALEX HORMOZI)",NA,https://www.youtube.com/watch?v=XC_lklN9KmE,NA,2026-07-08,L0-discovered,3,,views=0
yt-JSsuK_0kdzA,video,"The Oh Sh*t Moment (ALEX HORMOZI)",NA,https://www.youtube.com/watch?v=JSsuK_0kdzA,NA,2026-07-08,L0-discovered,3,,views=0
yt-5Kt-EYieNko,video,"A Hard Learned Lesson (ALEX HORMOZI)",NA,https://www.youtube.com/watch?v=5Kt-EYieNko,NA,2026-07-08,L0-discovered,3,,views=0
yt--UvmyixFszw,video,"4 Steps to Maximizing Revenue Generated Per Customer",NA,https://www.youtube.com/watch?v=-UvmyixFszw,NA,2026-07-08,L0-discovered,3,,views=0
yt-3oD41B66NsM,video,"The Sweet Spot (ALEX HORMOZI)",NA,https://www.youtube.com/watch?v=3oD41B66NsM,NA,2026-07-08,L0-discovered,3,,views=0
yt-bpPoIOPgoAw,video,"Why I Turned down two people who offered me $50K (ALEX HORMOZI)",NA,https://www.youtube.com/watch?v=bpPoIOPgoAw,NA,2026-07-08,L0-discovered,3,,views=0
yt-7wN8n3qrqnQ,video,"Why Coaches Get So Much Hate (ALEX HORMOZI)",NA,https://www.youtube.com/watch?v=7wN8n3qrqnQ,NA,2026-07-08,L0-discovered,3,,views=0
yt-pxVeOkOVr2w,video,"The Offer Is King (ALEX HORMOZI)",NA,https://www.youtube.com/watch?v=pxVeOkOVr2w,NA,2026-07-08,L0-discovered,3,,views=0
yt-j1tA4l7R2c0,video,"How To Close Prospects By Saying 'No' First (ALEX HORMOZI)",NA,https://www.youtube.com/watch?v=j1tA4l7R2c0,NA,2026-07-08,L0-discovered,3,,views=0
yt-mOKl6dodMTg,video,"Reopening the Right Way (ALEX HORMOZI)",NA,https://www.youtube.com/watch?v=mOKl6dodMTg,NA,2026-07-08,L0-discovered,3,,views=0
yt-gza5RtQCVsA,video,"How To Close Everyone Downselling Like A Pro (ALEX HORMOZI)",NA,https://www.youtube.com/watch?v=gza5RtQCVsA,NA,2026-07-08,L0-discovered,3,,views=0
yt-iwskrByMIqo,video,"How To Win Sales Without Being Skilled (ALEX HORMOZI)",NA,https://www.youtube.com/watch?v=iwskrByMIqo,NA,2026-07-08,L0-discovered,3,,views=0
yt-YQZK6JVkl4c,video,"Leveling Up Why We Get Stuck (ALEX HORMOZI)",NA,https://www.youtube.com/watch?v=YQZK6JVkl4c,NA,2026-07-08,L0-discovered,3,,views=0
yt-JOY6ZzBMb_4,video,"Simple Operational Framework (ALEX HORMOZI)",NA,https://www.youtube.com/watch?v=JOY6ZzBMb_4,NA,2026-07-08,L0-discovered,3,,views=0
yt-Kk6Vdfdwmxw,video,"5 Ways To Increase Lead Quality (ALEX HORMOZI)",NA,https://www.youtube.com/watch?v=Kk6Vdfdwmxw,NA,2026-07-08,L0-discovered,3,,views=0
yt-hnfh2jqNVEQ,video,"Pricing Lessons From a Private Equity God",NA,https://www.youtube.com/watch?v=hnfh2jqNVEQ,NA,2026-07-08,L0-discovered,3,,views=0
yt-3ktgTBNlg7M,video,"What I Would Do If I Had My Gyms (Do This in 2020) [ALEX HORMOZI]",NA,https://www.youtube.com/watch?v=3ktgTBNlg7M,NA,2026-07-08,L0-discovered,3,,views=0
yt-kGfzLjPNsBU,video,"How To Make Ad Headlines That Get Clicks [ALEX HORMOZI]",NA,https://www.youtube.com/watch?v=kGfzLjPNsBU,NA,2026-07-08,L0-discovered,3,,views=0
yt-_tF3ODk56hg,video,"My Address To The Gym Industry At The Onset of COVID",NA,https://www.youtube.com/watch?v=_tF3ODk56hg,NA,2026-07-08,L0-discovered,3,,views=0
yt-SvIcS-Q1Hl4,video,"If you're struggling with cash flow, Watch This",NA,https://www.youtube.com/watch?v=SvIcS-Q1Hl4,NA,2026-07-08,L0-discovered,3,,views=0
yt-PZjJEQMgyMM,video,"I've met Arnold 4 times. Here's what I learned.",NA,https://www.youtube.com/watch?v=PZjJEQMgyMM,NA,2026-07-08,L0-discovered,3,,views=0
yt-4PX-hE6LTSU,video,"#1 Mistake I'm Seeing Gyms Make Right Now [ALEX HORMOZI]",NA,https://www.youtube.com/watch?v=4PX-hE6LTSU,NA,2026-07-08,L0-discovered,3,,views=0
yt-aiS5qH7UMX4,video,"Sell Anywhere (SELL TO ANY CUSTOMER in 2018)",NA,https://www.youtube.com/watch?v=aiS5qH7UMX4,NA,2026-07-08,L0-discovered,3,,views=0
