"id","view_count","duration_s","upload_date","title","captured"
"yt-RdAKXJlMIZM","4487238","3106","20230805","How to get SO rich you question the meaning of making money","2026-07-11"
"yt-VBoRLJimVzc","4023748","3821","20231108","If I Wanted to Become a Millionaire In 2024, This is What I'd Do [FULL BLUEPRINT]","2026-07-11"
"yt-KhFlD54nQrY","3584432","5400","20240511","13 Years Of Brutally Honest Business Advice in 90 Mins","2026-07-11"
"yt-KYqEK_T_5M4","3122211","1058","20221228","Get RICH in the A.I. Revolution (2023)","2026-07-11"
"yt-YFA8AS5Cu2w","3095323","923","20230624","watch this if you're tired of being broke","2026-07-11"
"yt-oRMG_HpOAN4","2929170","4782","20240809","13 Years of No BS Business Advice in 79 Mins","2026-07-11"
"yt-aFoMYz_jWcs","2733042","4203","20240726","How To Actually Get Rich In Your 20s","2026-07-11"
"yt-qxQIcDrre1E","2358020","3217","20211231","Watch these 55 minutes if you want to be a millionaire in 2022..","2026-07-11"
"yt-MNll1BaskLA","2330716","2845","20231209","How to Win (At ANYTHING)","2026-07-11"
"yt-dZ7xeVCYC5M","2298259","430","20220809","How I Would Invest $1000 If I Were In My 20s","2026-07-11"
"yt-7ITff1fIbSc","2098089","413","20220830","How to Grow an Audience if You Have 0 Followers","2026-07-11"
"yt-ymFWgFiKUvM","2010475","1625","20241214","If You Have Less Than $10,000 Saved. Please Watch This Video...","2026-07-11"
"yt-cq8GyLrEuAk","1946771","1266","20221019","14 Life Lessons I Wish I Knew Earlier","2026-07-11"
"yt-6KqndZuN_Yk","1892062","5545","20241223","If you want 2026 to be the best year of your life. Please watch this video�","2026-07-11"
"yt-9ySuYdJ0H4s","1885752","1319","20220422","REPROGRAM your mind to be rich in 22 minutes....","2026-07-11"
"yt-nIk3DedjxJM","1859000","1483","20240626","""I'm Broke, What Business Do I Start?""","2026-07-11"
"yt-jvXOOddDg_s","1803308","3965","20230913","How to Get Rich [Full Interview with Dave Ramsey]","2026-07-11"
"yt-Nh8Oc7ERdIU","1795839","3386","20230705","How to Get Ahead of 99% of People","2026-07-11"
"yt-jiCGLDhUCHY","1703519","1628","20240214","If I Were Single and Starting Over, This Is What I Would Do","2026-07-11"
"yt-k-3PoOT4vOM","1682836","2453","20241205","How to Make Money So Fast It Feels ILLEGAL","2026-07-11"
"yt-uWdIgftpvBI","1656251","1105","20251206","If I Started A Business in 2026, I'd Do This","2026-07-11"
"yt-GIRkQQHzsxI","1634266","2217","20240612","You�re Wasting 80% of Your Time (here�s how to fix it)","2026-07-11"
"yt-HxEQCHpZzHk","1583623","3788","20250102","How to Grow Your Business SO Fast in 2026 It Feels ILLEGAL","2026-07-11"
"yt-MzAIP_WJ-jE","1580434","2180","20250408","Brutally Honest Truths That Give You an Unfair Advantage in Life","2026-07-11"
"yt-UDBkiBnMrHs","1550150","1573","20251212","If you�re ambitious but inconsistent, please watch this","2026-07-11"
"yt-VQM3DrnVTcs","1531214","2273","20240420","$100M CEO Explains How to Build A Brand in 2024","2026-07-11"
"yt-ln24y0FPJHo","1507440","1499","20231018","Brutally Honest Advice to My Younger Poorer Self","2026-07-11"
"yt-oys_fv25SYM","1492849","2864","20240403","Advice I Wish Someone Gave Me When I Was Broke","2026-07-11"
"yt-jfW6gL6hKhk","1470475","945","20260304","If I Wanted to Make My First $100K in 2026, I�d Do This","2026-07-11"
"yt-w7g08dVTwaE","1464994","613","20230802","Watch this to get your first 5 customers","2026-07-11"
"yt-NcD2t9qt-fM","1459060","4998","20220503","The Best SALES TRAINING On The Internet","2026-07-11"
"yt-AN2KpRBsmRY","1413005","4703","20241016","If I Wanted To Become a Millionaire in 2026, This Is What I'd Do [FULL BLUEPRINT]","2026-07-11"
"yt-ub1D6RQocRU","1412307","2143","20250628","If you're ambitious and in your 20s or 30s, please watch this.","2026-07-11"
"yt-hGX_z5rXRlU","1375716","2247","20240103","The Alex Hormozi Cookbook [REVEALED]","2026-07-11"
"yt-reisEL_D7xc","1368749","5123","20240531","13 Years of Marketing Advice in 85 Mins","2026-07-11"
"yt-lRyGIzW9d9k","1301188","669","20220207","The anti-routine...[what billionaires use to win]","2026-07-11"
"yt-RVbvhPGFi6E","1265726","1517","20241009","After Closing 4000+ Sales, I Discovered a New Method to Close Deals Faster","2026-07-11"
"yt-JE2_7elAcxM","1233419","16999","20240731","How to Sell Better than 99% Of People (4 HOUR ULTIMATE GUIDE)","2026-07-11"
"yt-nxL4ZfVqKLI","1208615","1751","20240228","Seriously, watch this before you go to college","2026-07-11"
"yt-JfbtySq6_B4","1155494","434","20210316","Sell Anything To Anyone With This Unusual Method","2026-07-11"
"yt-xZ8d9g6BcKM","1136845","679","20230111","Building a Frozen Yogurt Store in 11 Minutes","2026-07-11"
"yt-StVqS0jD7Ls","1133008","9241","20250104","The Ultimate Sales Training for 2026 [Full Course]","2026-07-11"
"yt-0mqqbuM9sAk","1128769","842","20230222","I Built 4 Businesses In A Row To Show It's Not Luck","2026-07-11"
"yt-KNl83INePXI","1124525","788","20210406","""I'm Broke... What Should I Do?""","2026-07-11"
"yt-oDK4g5na4Jw","1118325","3867","20241127","No BS Advice to Get Rich Like the 1%","2026-07-11"
"yt-CGSd00h-6zI","1114474","498","20221214","The Best Student Side Hustle in 2026","2026-07-11"
"yt-q6SdmgIji30","1094807","529","20221221","14 Money Mistakes to AVOID in Your 20's","2026-07-11"
"yt-IFElGv5ZmRM","1085789","2587","20250618","You'll Find This Video When You Need it Most","2026-07-11"
"yt-7sLXhCDRaV8","1081517","447","20221023","10 Different Ways To Break Down Making $1 Million","2026-07-11"
"yt-TFxT3G5jwtU","1059473","1436","20241113","It's Actually Pretty Easy to Get Ahead of 99% of People","2026-07-11"
"yt-0lMn_-EXyhQ","1037479","1419","20251028","If You're in Your 20s or 30s, Here's How to Win (at Anything)","2026-07-11"
"yt-lJF__n_34ew","1015311","918","20230628","My 12 Hour Work Day (in 15 Minutes) [Ep 003]","2026-07-11"
"yt-oi7bnS8uyJM","1014531","1874","20220121","30 Minutes of sales training that will explode your business in 2022","2026-07-11"
"yt-oZ-H_TjSzok","1003999","2755","20240904","No BS Advice to Get Rich in the Next 10 Years","2026-07-11"
"yt-gD0X-PLax5I","990710","1982","20240702","You're Not Behind: My System for Outworking Everyone","2026-07-11"
"yt-vhOV_Od0A3M","953117","27044","20251231","If you want 2026 to be the best year of your life, please watch this video...","2026-07-11"
"yt-DiQ3N8F1Hl8","951679","1658","20240113","Brutally Honest Advice to my Poorer Younger Self","2026-07-11"
"yt-hCgr7jT7JLA","940702","1202","20231227","Answering Juicy Questions About Our Relationship","2026-07-11"
"yt-ErWpi_91b70","938045","608","20211108","Why daily routines make you poor & fragile [trigger warning]","2026-07-11"
"yt-Uki3IUkUu7Q","935735","1832","20240623","You Get Rich By Not Focusing On Getting Rich","2026-07-11"
"yt-pt50QF6al8g","907903","1516","20240131","Brutally Honest Advice to Build Your Confidence","2026-07-11"
"yt-i7bLRKwKSms","905877","1621","20250612","How I Would Build a Business in 2026 (If I Had to Start Over)","2026-07-11"
"yt-bx48qPlaGvE","879430","491","20220918","My Best Sales Tactic (to Make a TON of Money)","2026-07-11"
"yt-ueJg14gQLuc","868181","578","20230412","The SEASON OF NO (What it Takes to Win)","2026-07-11"
"yt-Day0yToqeco","864194","867","20221207","Why Looking Poor is actually Smart","2026-07-11"
"yt-prj1bnTAM8A","856421","2242","20250726","Your biggest advantage is no one knows who you are","2026-07-11"
"yt-3Ju1I37jWUM","837191","1551","20240522","You're Not Behind: My System for Outlearning Everyone","2026-07-11"
"yt-dMZ-n2KSlxE","814872","1508","20251018","My Actual Social Media Strategy For 2026","2026-07-11"
"yt-4GjwtnA76ig","805574","2633","20230920","This video will make you more money than anything else on the Internet","2026-07-11"
"yt-6DCDGSnRDtM","802500","629","20221009","Get Rich in the New Economy","2026-07-11"
"yt--UzJOk85OZI","799822","818","20250517","How To Progress Way Faster Than Anyone Else","2026-07-11"
"yt-yEKu6q0W3gs","794243","380","20220911","How TO Make A TON Of Money (in just a few minutes)","2026-07-11"
"yt-U_s0ekwPK5g","783612","4882","20231122","81 Minutes of Money Making Advice You Needed to Know Yesterday","2026-07-11"
"yt-XwzU4RikbGs","779245","1131","20250717","You're Setting Goals Wrong","2026-07-11"
"yt-9q5ojtkqsBs","779157","1458","20260331","How to Win With AI in 2026","2026-07-11"
"yt-nrounb8NlFQ","777822","3368","20250117","Building a $1,000,000 Business for a Stranger in 56 Mins","2026-07-11"
"yt-oTQPxPFROck","774280","418","20230517","How to Build a LEGIT Online Course (Works in 2026)","2026-07-11"
"yt-ABOd589OyTM","766103","2639","20231115","My Full Body Workout (with Chris Williamson)","2026-07-11"
"yt--wnnwCqGeNc","752140","581","20230301","The #1 Reason Young People Stay Poor","2026-07-11"
"yt-M4evdxF5G0s","745867","5188","20240320","watch this if you want to find your purpose in life","2026-07-11"
"yt--TydwZMX8wM","736100","586","20220228","How society fools the poor with ""work/life balance""","2026-07-11"
"yt-YZdE8U5eD_s","716119","5341","20240207","If You Want to Start a Business in 2024, Watch This Interview","2026-07-11"
"yt-fxyhIXZ6Yog","713712","298","20230514","The Alex Hormozi Diet (REVEALED)","2026-07-11"
"yt-CaiLcj6tzBQ","694595","2205","20231129","The Business Model That�s So Simple, Anyone Can Try It","2026-07-11"
"yt-YaNX49ygr0I","694257","961","20220311","How to get what you want...","2026-07-11"
"yt-HVOubeXUcx0","693080","2732","20240427","How I Gained 7.8 Million Followers In 40 Months (6 Key Lessons)","2026-07-11"
"yt-WOZGZK7K-Jo","690831","726","20251020","how to force yourself to be consistent and do hard things","2026-07-11"
"yt-FMzKk73iUhw","687333","2503","20241216","How To Get Customers So Fast It Feels ILLEGAL","2026-07-11"
"yt-RpqSy5V1fFQ","687020","937","20211027","My Unconventional Diet Explained in 15min","2026-07-11"
"yt-_PCCqqv2pig","679082","656","20230329","HOW TO GET WHAT YOU WANT (6 Proven Methods)","2026-07-11"
"yt-XGm2ERU9qtA","674890","1685","20251117","15 Brutal Truths I Know at 36 That I Wish I Knew at 20","2026-07-11"
"yt-pLhQOYMGa88","673331","2358","20241106","Learn Email Marketing in 39 Minutes!","2026-07-11"
"yt-m-7VjocC76M","670771","508","20210924","How To Make BUCKETS of Money In SERVICE Businesses","2026-07-11"
"yt-I64gYLBrics","666108","3140","20231025","How to make SO much money it makes you sick","2026-07-11"
"yt-SE9_1PYsaP0","664262","1364","20251121","Build a Mind So Strong It Scares People","2026-07-11"
"yt-HsQeQM1jUeg","628073","2556","20241023","If I Had To Start a Business From Scratch, I'd Do This","2026-07-11"
"yt-F84olnKkseM","623863","2331","20240715","Business Was Hard Until I Understood These 4 Concepts","2026-07-11"
"yt-3SVksBB3_YY","608366","1170","20250919","Give me 20 Minutes and I'll Give You Back 20 Years of Your Life","2026-07-11"
"yt-LVM89ik-7Kw","606349","484","20230426","""I'm Broke, What Should I Sell?""","2026-07-11"
"yt-PTgGfV8Tf00","604858","488","20221005","Hard work won't make you rich.","2026-07-11"
"yt-DpbXWP8fLbc","604479","443","20211011","How to get unlimited funding to build your business in 30 days...","2026-07-11"
"yt-TooAB8Ow6cQ","603830","12894","20240918","3 Hours of Money Making Advice You Needed To Know Yesterday","2026-07-11"
"yt-fSbqaTlWaYI","602396","1843","20240720","Learn Paid Ads in 30 Minutes!","2026-07-11"
"yt-fD-sxKiB30M","599229","1537","20240806","How the top 1% make their money","2026-07-11"
"yt-O1As2zxy0es","592219","863","20211018","The Only 4 Ways To Scale A Service Business (PICK ONE)","2026-07-11"
"yt-yflKMUffctE","583572","837","20221102","How They Keep You POOR Forever","2026-07-11"
"yt-s9fSDCRPQNA","581834","646","20210114","Why The First $100k is the Toughest | Charlie Munger Secrets","2026-07-11"
"yt-ULGT0Qpglek","580900","837","20230308","17 Life-Changing Conversations I Wish I Had Earlier","2026-07-11"
"yt-w5g0JiO7OdE","576602","2121","20220127","I paid 0% tax on 56% of my income...here's how..","2026-07-11"
"yt-Mst4hreQYl0","574366","1891","20251108","Watch This To Generate 1000s of Leads (In Any Niche)","2026-07-11"
"yt-MZPVPCIeUpg","572481","1227","20260124","How to Change Your Life","2026-07-11"
"yt-GkL2KDOf2NM","565583","447","20221030","Billionaire Recession Advice: Stop Investing in THIS (2023)","2026-07-11"
"yt-H_ZLs1-jOKQ","556615","1224","20240610","Stop Being Broke. Get Busy.","2026-07-11"
"yt-Wr6n_zNKvMk","546325","4184","20251013","Building a $1,000,000 Business for a Stranger in 69 Minutes","2026-07-11"
"yt-vVssypj7nYw","545154","526","20221016","Why old friends keep you poor...","2026-07-11"
"yt-unshZobTt6Q","540922","4633","20250529","How to Start a Business From Nothing (Thank Me Later)","2026-07-11"
"yt-_x6n-CmZqjo","539319","1146","20210707","A BILLIONAIRE told me how to make BILLION DOLLARS...here's my plan...","2026-07-11"
"yt-cy2k1GdA-9o","533606","3080","20240621","Sales Was Hard Until I Understood These 9 Concepts","2026-07-11"
"yt-MD5-HByRxoA","533271","687","20220802","1.2M Followers in 6 Months� My Content Marketing Strategy REVEALED","2026-07-11"
"yt-9xAMe0QBFhU","532525","816","20210218","If You Don't Understand Margin, You Don't Understand Business","2026-07-11"
"yt-EonibwnAEME","531934","648","20260518","How to Catch Up In Life (Using Logic)","2026-07-11"
"yt-sL16tsGafcQ","528893","1513","20260604","If You Want To Create Wealth In 2026, Watch This (4 Paths)","2026-07-11"
"yt-HKbFUWJwEG0","523237","3850","20230906","I Reverse Engineered the Perfect Business","2026-07-11"
"yt-wR8KoE8u1p0","519829","3424","20241002","My Evidence Based Guide to Making Money Online [TIER LIST]","2026-07-11"
"yt-bkPwFqa89gE","508856","426","20210702","Unconventional Productivity Habits That Made Me Successful","2026-07-11"
"yt-q32-l3Yoqg4","504861","2169","20210602","I Taught 116+ Salesmen My Closing Framework","2026-07-11"
"yt-YONIUpk-kAs","501354","6152","20251221","26 Harsh Lessons I Learned in 2025","2026-07-11"
"yt-OvEfWrDOfNk","500122","933","20231203","Why I Don't Go Home for the Holidays","2026-07-11"
"yt-qqjGxVW-Ae0","494961","2272","20250516","Stop Caring What Others Think of You So Much","2026-07-11"
"yt-m-k0_pQJ1fY","491248","2707","20250624","Dangerously Honest Advice to Create Generational Wealth","2026-07-11"
"yt-oW6JkqL6sdM","490376","600","20211217","A DOER's approach to PROCRASTINATION","2026-07-11"
"yt-q9qBqnhdWKw","488346","1813","20251218","how to outlearn everyone","2026-07-11"
"yt-yb2cLMMuMdQ","476836","477","20260407","How to make progress faster than everyone","2026-07-11"
"yt-c_6BrF7jOGk","476617","1476","20231004","I Doubled A Business in 60 Days to Show It's Not Luck (Part 1)","2026-07-11"
"yt-m5ordaa7NN4","471238","1741","20240524","This Idea Will Make Your Business Unstoppable","2026-07-11"
"yt-s6tkRztZwYc","469054","1256","20240911","How to Articulate Your Thoughts More Clearly Than 99% of People","2026-07-11"
"yt-1taVrxMFjaY","462718","560","20230621","NO NEW FRIENDS (My ""Extreme Views"" on Friendship)","2026-07-11"
"yt-y7O-iTWwTW8","462658","864","20230724","Interviewing a Billionaire + Revealing My Workout Routine [Ep 005]","2026-07-11"
"yt-6BQ3whjWG3M","460503","1682","20260212","How the Top 1% Actually Think About Money","2026-07-11"
"yt-5JLqmQlGG0U","455395","3447","20240221","If I Wanted to Get Rich and Famous, This Is What I'd Do","2026-07-11"
"yt-IFpHasZ7jN4","449235","3958","20240419","54.1% of People Who Try This Make their 1st Dollar Online","2026-07-11"
"yt-cnbHgYYHzyE","448928","9372","20241219","No BS Business Advice to Get Rich in 2026","2026-07-11"
"yt--NLqtk4F4oY","448856","879","20231213","Charlie Munger Changed My Life [8 Lessons]","2026-07-11"
"yt-JDR-R--4HhM","447747","2133","20250507","14 Years of Marketing Advice in 35 Minutes","2026-07-11"
"yt-55H71isO_Bo","444314","1689","20220314","I will never lose sleep again after learning this..","2026-07-11"
"yt-3P1XjUvo1b4","429168","756","20211008","I cracked Starbucks RECURRING SALES model and built a FORTUNE...","2026-07-11"
"yt-CojS0DwflXc","424627","854","20210309","3 Simple Steps To Close Any Sale","2026-07-11"
"yt-A248pGXTSoY","419468","1040","20260206","Why Ambitious People Stay Mediocre","2026-07-11"
"yt-QGcjweehrvU","418312","1409","20231220","Million Dollar Equations","2026-07-11"
"yt-tdLLGKoBojo","417646","2838","20240327","I Lost $100 Million... Here's What I Learned","2026-07-11"
"yt-6ySRKgXBcO0","415045","1150","20230607","Day In The Life of Alex Hormozi [Ep 002]","2026-07-11"
"yt-sBJppqCeFGI","413752","2536","20250211","Building a $5,000,000 Business for a Stranger in 42 Mins","2026-07-11"
"yt-6ZEZWuVC8-8","411449","1063","20211117","Millionaire explains why time is NOT the most precious resource...","2026-07-11"
"yt-qsXxckCbci0","408758","4776","20260114","How To Grow ANY Business FASTER (Masterclass)","2026-07-11"
"yt-vKnAWYqMJ10","408470","810","20210512","I Spent $312,900 Living Like The 1% (Here's What I Learned)","2026-07-11"
"yt-sGakuNs9mT4","407778","1288","20251112","How to Speak So Well People Give You Money","2026-07-11"
"yt-IYuiV4YuGB4","406641","1023","20250503","If you want to win in life, please watch this.","2026-07-11"
"yt-yPDQCfrwh8E","394809","1476","20231011","I Tried This Simple Business Strategy for 60 Days. This is what happened","2026-07-11"
"yt-Jc2UW3nlNBA","389313","1277","20250423","How to get what you want every time","2026-07-11"
"yt-5MHQr-Z17Hc","388198","1374","20221106","This ONE Equation Will Make You RICH","2026-07-11"
"yt--JLN1d1ZKUU","384060","1044","20250522","Less is More: The Magic of a Simple Business","2026-07-11"
"yt-07jC6ooRIHw","382483","1309","20240706","Sick of Shiny Object Syndrome? Watch This","2026-07-11"
"yt-VPre_XMgKjs","381674","697","20230712","Why MrBeast Will be Worth $100 Billion","2026-07-11"
"yt-Tw6kJkVcTL0","381531","831","20210427","1 SKILL That Is HARD To Learn, BUT Will Pay Off FOREVER","2026-07-11"
"yt-spXH1kJ6q-Q","374030","3350","20251130","Watch This To Get Ahead In 2026","2026-07-11"
"yt-BMF2fWHyDrg","373347","3106","20250310","Building a $3,500,000 Business for a Stranger in 51 Mins","2026-07-11"
"yt-ovL6Z5z0jxQ","366919","1627","20241203","The 3 Fastest Ways I Know To Grow Any Business","2026-07-11"
"yt-mHrAjWni65E","366254","1062","20231101","How to get rich this Black Friday","2026-07-11"
"yt-RBR4BwOVNvs","366089","1348","20220321","I sold everything","2026-07-11"
"yt-Z2tgZC_XkT4","365252","2624","20240501","How to 10x Your Business Overnight with Influencers","2026-07-11"
"yt-Jmkq5RLjm0U","364533","9634","20260314","If I Wanted To Grow An Audience In 2026, I'd Do This","2026-07-11"
"yt-zzleYxkf39k","360741","2538","20260626","8 Entrepreneurs Compete For $100,000 - Episode 1","2026-07-11"
"yt-NDDFezF7OTA","358979","383","20221123","STOP trying to be happy.","2026-07-11"
"yt-4vLgOX1Ykjg","354335","715","20210813","I told myself I was wealthy until it came true.","2026-07-11"
"yt-PFKGHL1MqkU","351243","311","20220903","Investor 3min Morning Routine (It just works)","2026-07-11"
"yt-hnmBXTyMFKI","348344","1613","20251024","You can make way more money than you think","2026-07-11"
"yt-OpeN4O5myIg","341349","1322","20240611","This Email Campaign Generates Sales [Full Breakdown]","2026-07-11"
"yt-aO56wn5sBSA","340982","726","20210804","A BILLIONAIRE told me how to invest my money...this is my plan..","2026-07-11"
"yt-Cr0KdqZ954c","340291","606","20210223","Introduction To Marketing | Business Marketing 101","2026-07-11"
"yt-Rm4zRdLAyjw","339107","1377","20240703","I Discovered The Easiest Million Dollar Business to Start in 2024","2026-07-11"
"yt-5cOwh-8scu8","338834","623","20230726","Make Money Online (Without Destroying Your Reputation)","2026-07-11"
"yt-ZuJryiwxjDw","335949","2257","20260223","Why you aren't making as much money as you want","2026-07-11"
"yt-BHMeYaHEMpc","333198","438","20230405","How to Grow ANY Local Business (my framework)","2026-07-11"
"yt-5RiR6cBLkFg","332976","836","20220827","Why you should quit college.","2026-07-11"
"yt-s7QA1TJKlbQ","331871","1774","20250417","4 Ways To Get Ahead of 99% of People","2026-07-11"
"yt-_qspvJAq34M","324664","1118","20210823","How I got 700 people to pay me $40,000 each...no bs..","2026-07-11"
"yt-5MjjpB8SPMo","324018","1881","20240717","GENIUS Strategy To Make Everyone Want to Buy Your Stuff","2026-07-11"
"yt-vZfatNSouDQ","322277","480","20230315","Hardcore Business Lessons I Learned From A Dealer","2026-07-11"
"yt-rp1PzCxj3eU","318953","850","20230125","42 Recession Proof Money Hacks","2026-07-11"
"yt-Ds_Qp2U5I8U","313766","1818","20250520","Business is now on �Easy Mode� in 2026 (here�s why)","2026-07-11"
"yt-LvHDT0ZxSmw","309908","381","20220816","Launch A Physical Product Brand The Right Way","2026-07-11"
"yt-oLsWhSRypzM","309447","801","20210628","Never start a business until you hear this..(3 THINGS THAT MAY CHANGE YOUR MIND)","2026-07-11"
"yt-3aAbKVSFP6k","301243","854","20240124","""Getting rich isn't fun"" [Ep 014]","2026-07-11"
"yt-kULFeI3LRYk","300209","1053","20210809","I SPENT $100,000 on courses, so you don't have to...","2026-07-11"
"yt-Xb9ZOA6zypU","297805","1864","20210917","My 7 year journey to making my first million.","2026-07-11"
"yt-7NMH1oAkgLY","297156","741","20230719","Giving Away Free Stuff Will Make You Rich","2026-07-11"
"yt-4twK8Yl4iUI","292782","1099","20250113","This Video Should be REQUIRED Viewing For Business Owners","2026-07-11"
"yt-K8MFC9t7snY","292440","572","20221109","How to get customers to pay forever","2026-07-11"
"yt-QTZsh3BgOwY","289950","4797","20241204","You're WASTING Your Chance to Make INSANE Money","2026-07-11"
"yt-0S5xsICW8qg","287379","1161","20240529","She Turned 5800 Followers Into $1 Million Per Year","2026-07-11"
"yt-Z5rKn1ZIp3A","286557","113","20260622","I can�t hide this anymore.","2026-07-11"
"yt--HJg4TYBgtI","285335","3058","20250416","Watch These 51 Minutes if You Want to Grow Your Business in 2026 (Dave Ramsey Interview)","2026-07-11"
"yt-N5MExtki_VI","284545","3420","20260130","If I Wanted To Scale A Service Business In 2026, Here's What I'd Do","2026-07-11"
"yt-OyGKFhTf0go","283329","307","20201231","The Copy Rule I Learned From The Best Copywriter I Know","2026-07-11"
"yt-DaRXece2ItE","281461","1231","20250703","Copy This Strategy, It'll Blow Up Your Business","2026-07-11"
"yt-z7X95bn2T6A","276668","441","20230208","I Challenged My Team To Replace Themselves with AI","2026-07-11"
"yt-sGv2BTUCcCM","276635","2177","20250603","How to Grow Your Business So FAST it Makes Your Accountant Nervous","2026-07-11"
"yt-h6y0nYVZgwE","275214","3865","20240601","If you're not unbelievably rich yet, this is why","2026-07-11"
"yt-aUnorufFIq8","275126","1662","20250509","How to Get Anyone to Do Anything You Want","2026-07-11"
"yt-LMlbWtUFa4E","273552","382","20220820","How Billionaires Make Their Billions","2026-07-11"
"yt-Q2JCTCQzgKM","273499","333","20220823","From Rock Bottom to Breakthrough (if you're feeling down, watch this)","2026-07-11"
"yt-XsWSvz-aewA","273281","833","20260526","The New Way of Making Content In The Age of AI","2026-07-11"
"yt-mr4Pw66_490","272387","1668","20251104","If I Wanted to Create a Business That Runs Itself, Here's What I'd Do","2026-07-11"
"yt-Avp3xh3Y1Ic","271516","959","20251003","If You Have a Hard Life, Watch This","2026-07-11"
"yt-zBZHWrvjD8Y","269391","420","20230503","How I Set Goals That ACTUALLY MAKE MONEY","2026-07-11"
"yt-sjt5G3YPjmY","268505","2822","20250110","Give Me 47 minutes, And I'll Fix Your Small Business","2026-07-11"
"yt-pw1PcHfYP2w","264666","647","20220404","Starting a software company is a TERRIBLE F@#$ING IDEA... [TRIGGER WARNING]","2026-07-11"
"yt-TIH1w-KuATk","264367","750","20230118","7 Secrets Behind Chick-fil-A�s $50B Empire","2026-07-11"
"yt-qLM5G7N3l3I","262134","493","20230531","3 Ways to Do What You Love (and get wealthy too)","2026-07-11"
"yt-UGEc9-7X3OQ","261918","1390","20240729","Building a brand, but it�s on easy mode instead","2026-07-11"
"yt-rMJIOK_FgJk","260308","1048","20260309","The 6 Levels of Making Money","2026-07-11"
"yt-jqo0lVveh98","258872","2689","20260320","Watch This If You Have a Service Business","2026-07-11"
"yt-n6SHLmKcY0E","256827","3474","20250403","Building a $3,000,000 Business for a Stranger in 57 Mins","2026-07-11"
"yt-vthPawWn6ws","256667","595","20230104","Watch this if you�re feeling burnt out","2026-07-11"
"yt-NA61omfYgvI","251982","689","20220707","Applying $100M Offers to E-Commerce: I'm Pissed","2026-07-11"
"yt-thDTmy7VGIw","249241","1981","20241222","This Video Will Make Your Business Unstoppable","2026-07-11"
"yt-F3NyhOtRpOE","247755","2896","20211201","GROWTH LEVERS: Big Business Owner Explains Real World Tactics That Work","2026-07-11"
"yt-rnvOwA39dDg","245767","1096","20210302","How To Retire Early (and be in the top 1%)","2026-07-11"
"yt-SYkwtqFoRcM","245495","414","20230510","How to go ALL IN on your side hustle...","2026-07-11"
"yt-1UhvBSQFy6A","244372","1969","20240518","10x Revenue with 1 New Sales Process (You Can Steal It)","2026-07-11"
"yt-WrCt0R3FBFs","242812","4111","20220527","How I built a 1.2M follower audience in 6 months","2026-07-11"
"yt-q9OmYf_IlQ0","241757","3035","20250415","The Top 1% of Business Owners Aren't Smarter Than You","2026-07-11"
"yt-fd-hi3NqMYo","240883","522","20230830","I Gained 5,000,000+ Followers with this Secret Method","2026-07-11"
"yt-CoPs-Bk8M9Y","239695","1585","20250502","Business is hard until you do this","2026-07-11"
"yt-fr78adfAnuA","237877","953","20260421","How to Use AI in Your Business in 2026","2026-07-11"
"yt-ThSFgC_4NVA","235807","575","20210920","How to sell a product - The most PURSUASIVE tactic you can use...","2026-07-11"
"yt-fcyIoN8CUOk","232490","610","20250515","Why Being Fast Makes You Always Win (thank me later)","2026-07-11"
"yt-3fsJFUvA6Ts","231887","1239","20260502","What Makes The Perfect Business (5 Things)","2026-07-11"
"yt-y3T4GqoH0Us","231839","763","20211110","How I became #1 in a ""saturated"" industry in my 20s...","2026-07-11"
"yt-qel9bf653Es","230661","779","20230826","Behind the Scenes of The $100M Leads Launch [Ep 006]","2026-07-11"
"yt-zNiXk_3C_Io","230254","1273","20240925","The REAL Reason You�re Not Making as Much Money As You Want","2026-07-11"
"yt-C_SgvSvJZdk","229159","1208","20210514","The 8 Laws of Business I Learned From Charlie Munger","2026-07-11"
"yt-2lA_A8BGRRs","226953","683","20220927","How To Build Large Sales Teams (Starting from 0)","2026-07-11"
"yt-nSQdjim8CsE","226146","1863","20250709","Making Money is a Game (Here's the Cheat Code)","2026-07-11"
"yt-cX7cCA3Be8A","225420","953","20211124","The 4 Tiny Habits That Made Me The Most Money","2026-07-11"
"yt-Tu6YDG0AZ5k","224903","983","20231206","""I'm Facing A Billion Dollar Decision"" [Ep 012]","2026-07-11"
"yt-jzKpAtzKQ54","224614","1706","20240630","Business Owners: You NEED to Know This Number","2026-07-11"
"yt-UulLbNJMpTg","224422","844","20250606","give me 14 minutes and you'll learn how to be absurdly happy with your life","2026-07-11"
"yt-7DKXLasU4Kg","224083","284","20220913","How To Never Feel Stressed Again","2026-07-11"
"yt-rX5zKeQu7ow","223301","568","20210726","We fired everyone who was late...this is why..","2026-07-11"
"yt-42SOlVhDwWE","222187","505","20210623","1 SIMPLE mental technique that will SKYROCKET your sales...","2026-07-11"
"yt-rj7rzOdj84A","219398","2465","20240526","Your Business Is NOT What You Think It Is","2026-07-11"
"yt-6uhd-FiCggg","218548","1487","20250410","Why ""Following Your Dreams"" is Keeping You Poor","2026-07-11"
"yt-aBPWCdaJJqA","216892","2379","20230909","I Helped 6 Business Owners Make More Money","2026-07-11"
"yt-VgEvIIpDYG8","215821","642","20220221","The 10 Minute MILLIONAIRE entrepreneur advice for people starting from ZERO","2026-07-11"
"yt-_KlZoPxbStk","215808","1616","20260217","It took me 36 years to realize what I�ll tell you in 26 minutes�","2026-07-11"
"yt-qpQvdBFW_yI","213504","1265","20240618","7 Ways To Get Customers for Free","2026-07-11"
"yt-6Fg4VXjRphQ","212464","2277","20250411","I Confronted a Stranger With a Failing Business...","2026-07-11"
"yt-3yAiVjcImQ4","211667","1057","20250719","I Blew Up a Business Through 3 Small Changes (Just Copy Me)","2026-07-11"
"yt-JsXZzgD_k9k","211007","574","20220920","This ONE Thing Will Make You A Better Entrepreneur","2026-07-11"
"yt-4Yz8ggEv0NU","209749","3924","20241211","How to Get SO Rich You Realize Money Has No Meaning","2026-07-11"
"yt-_ArQlwPvGUA","207158","402","20220906","A Magic Business Genie Grants You 3 Wishes...","2026-07-11"
"yt--Koq14DPXC4","207042","3454","20250531","Building a $2,300,000/yr Business for a Stranger in 57 Mins","2026-07-11"
"yt-60_7PU9JDIw","206513","1576","20230729","My $100M Leads Affiliate Marketing Guide","2026-07-11"
"yt-o7R_K6LwKNk","205612","947","20211208","$100M CEO: ""Why therapists failed me..."" [language warning]","2026-07-11"
"yt-RZbpSe9pdFs","205482","426","20210311","3 Steps To Starting (Or Fixing) Any Business","2026-07-11"
"yt-BO_59sGxztY","201873","3648","20250122","How to Become Ultra Wealthy (4 Methods)","2026-07-11"
"yt-okA9Yt2KZuk","201044","4179","20220119","How I Scaled My Sales Team [Compensation, Recruiting & Training]","2026-07-11"
"yt-QQGHCG8d1So","200599","3366","20220506","I emailed myself all of my failures for the last 5 years...this is what I learned..","2026-07-11"
"yt-h9UyQiLjSHg","199841","3132","20250501","Building a $3,500,000 Business for Two Strangers in 52 Minutes","2026-07-11"
"yt-sPkMHh8zTMI","199829","1796","20240424","7 Ways to Get People to Buy More Times","2026-07-11"
"yt-R7JOslrt51o","197250","1171","20210521","This is why I was Poor","2026-07-11"
"yt-4GQLJjH9-oA","195754","1946","20241030","This Business Was Stuck. Here's How I Fixed It.","2026-07-11"
"yt-SmiOK8Yun4s","195579","1762","20250620","I Blew Up A Secret Business To Prove It�s Not Luck","2026-07-11"
"yt-UR9dO1jZemE","195396","345","20210401","Easiest Way To Get Your First 5 Clients [if you have no budget]","2026-07-11"
"yt-9unucIBuNio","193761","1829","20240604","10x Your Profit. 10x Your Pricing. 10x Your Business. [Here's how]","2026-07-11"
"yt-OQf2Ba-Lp_4","193206","2179","20260508","Building a $2,500,000 Business for a Stranger in 36 Minutes","2026-07-11"
"yt-zgYQT-fdLL4","191576","56","20250702","My biggest announcement ever�","2026-07-11"
"yt-u3H7CfpfwHQ","190146","1643","20260102","We Broke The Guinness World Record In 24 Hours","2026-07-11"
"yt-A_tx40lNpf8","190128","3744","20260109","The Mathematics of Business, Explained","2026-07-11"
"yt-lEIqyLE4iOY","190047","2530","20240820","More Followers Won't Make You Rich, But This Will","2026-07-11"
"yt-AGCtZmgJ1JA","189907","640","20220616","How I learned to SELL...[mindset training]","2026-07-11"
"yt-41EvCgwPrDc","188869","1907","20240609","Make More Profit than 99% of People","2026-07-11"
"yt-R7Fin9HFhoM","187528","945","20210413","The 4 Stages of Entrepreneurship","2026-07-11"
"yt-by3ZEoo-Quc","187442","609","20250429","How to Buy Anything You Want Without Going Broke","2026-07-11"
"yt-Lc8DNduiwKA","186668","2567","20240712","13 Ways to DESTROY Your Competition (Legally)","2026-07-11"
"yt-QwEb78e5a8Y","182707","1955","20250225","Answering Your Top Business Questions for 1 Hour","2026-07-11"
"yt-bgBIO6nZawg","181789","2155","20240614","7 Millionaires Asked Me How to Get Rich(er)","2026-07-11"
"yt-sSEm3qJUh9s","179709","976","20210723","POOR & WEAK? WATCH THIS!","2026-07-11"
"yt-rhVxX5_8xUw","178204","2059","20240709","Business Owners, We Have a Problem","2026-07-11"
"yt-Luvfw14pVx4","174889","1355","20240520","Business Owners: You're (Probably) Not Good Enough","2026-07-11"
"yt-OmDv6-651SM","174499","481","20210811","My SIMPLE voice tweak that EXPLODED OUR REVENUE...","2026-07-11"
"yt-hfwZwPGsbIo","173229","1287","20250610","Why Doing More Is Actually Making You Less Money","2026-07-11"
"yt-BSwJQsogah0","172047","583","20210330","Investor Boils Down Business Growth to Simple Math","2026-07-11"
"yt-ONV__y1z7MI","171518","512","20230215","How The World�s RICHEST Man Made His Money","2026-07-11"
"yt-rn5-yLUaNw0","170755","82","20241120","Why The Best Business to Start in 2026 is a Skool Community","2026-07-11"
"yt-MH-IMJxbUY4","169723","1487","20260228","Building a $12,000,000 Business for a Stranger in 25 Minutes","2026-07-11"
"yt-7qy-EPc2gYU","168973","2268","20241118","My Full Workout with Chris Bumstead [6x Mr. Olympia Champion]","2026-07-11"
"yt-q_4P7FOFEEI","168652","613","20250823","If you're watching this, we did it.","2026-07-11"
"yt-a0hUVFYzv3k","167711","2824","20210929","LEAKED: Street millionaire employee training...how he REALLY got rich..","2026-07-11"
"yt-JShQ8BX08rs","167567","540","20220712","10 KEYS to a TERRIBLE Business Partnership [GUARANTEED!]","2026-07-11"
"yt-VaE4pcf9PI8","167125","977","20210304","""What Business Should I Start in 2021?"" [Perfect Business Model]","2026-07-11"
"yt-zZyRg4Fzabk","167054","54","20230706","HUGE ANNOUNCEMENT","2026-07-11"
"yt-rl_IkHyKHJI","166993","720","20220513","Why losing friends is normal...","2026-07-11"
"yt-PArqypiHcyQ","166311","776","20211119","IMPORTANT: How to get more sex and increase your revenue...(this works)","2026-07-11"
"yt-orMbq2LtzKE","162013","5579","20250331","He Makes $600,000,000/Yr Selling Bacon","2026-07-11"
"yt-zNJ5JzEJgyo","160955","407","20230322","Why You Shouldn't Copy Me","2026-07-11"
"yt-GO6VCcLlnLs","160466","435","20210630","How I RAISE PRICES without losing sales...(using this psychological trick)","2026-07-11"
"yt-6x3re5-Ms1E","160010","1644","20240508","The Ultra Rich Playbook [Legal & Tax-Free]","2026-07-11"
"yt-afbP6sB_Atc","159691","2439","20240828","Watch this to keep more customers","2026-07-11"
"yt-Ktwv_uEW-uA","159580","796","20230927","""What now?"" [Ep 009]","2026-07-11"
"yt-9gVdCR7W8o8","159478","484","20230614","The REAL Reason Your Business Isn't Growing","2026-07-11"
"yt-EZLQzR-_83A","159330","526","20211112","The first product you must sell in a new business...","2026-07-11"
"yt-bgmh7p1s7zs","159025","630","20201203","How I Built A 20+ Sales Team [The Process]","2026-07-11"
"yt-j536U19iTwk","158524","782","20220304","Want to be rich? Stop letting THIS affect you...","2026-07-11"
"yt-uYds0zcAFWM","158068","2056","20250418","I Just Learned This After 14 Years of Business","2026-07-11"
"yt-wtsX7WHQMFM","156179","2232","20241210","How the Top 1% ACTUALLY Make Their Money","2026-07-11"
"yt-SasEJE4FI-I","155829","1865","20240619","Your Failures Can Make You Rich (if you write them down)","2026-07-11"
"yt-OUI12JmD-lM","155003","3741","20250616","We Made a BIG Decision...","2026-07-11"
"yt-hHkdbr6_JJs","153384","971","20260417","How Acquisition.com Makes Money","2026-07-11"
"yt-ETEFhDICm5o","152838","438","20210422","Close High-Ticket Sales By Saying ""NO""","2026-07-11"
"yt-XwZH-lOKG9c","151412","5265","20220517","KEYNOTE: Small To BIG. The Big 4 Customer Acquisition Models.","2026-07-11"
"yt-kloJJeiysxg","149427","2534","20240730","4 Steps to Unf*** Your Business","2026-07-11"
"yt-kQFSiEDvXws","148325","1508","20250422","The Biggest MYTH You Probably Still Believe","2026-07-11"
"yt-t7o8dtUWPQg","147640","776","20210526","Millionaire Reveals �7 Things I Wish They Taught In School�","2026-07-11"
"yt-oK2_u-uS_Bo","146032","2493","20240306","Money Lessons I Learned In Marriage.","2026-07-11"
"yt-39I8jEqFdYc","144636","328","20221002","I Was Wrong About Mentorship...","2026-07-11"
"yt-CRMT2yubBxc","143968","612","20210621","The best way to invest your money...nobody will tell you this.","2026-07-11"
"yt-x1CtbsEqxW0","143622","1001","20220614","I lived on $0 income for 3 years growing my business...","2026-07-11"
"yt-rc7cxL7ql7Y","142472","3514","20240710","58 Mins of Advice That Will Blow Up Your Business","2026-07-11"
"yt-KQuyQpFANpA","142005","589","20230524","3 Simple Fixes that Grow Any Business","2026-07-11"
"yt-oRqnTOT9ZG8","140899","965","20240504","If I Wanted to Monetize An Audience in 2026, This is What I Would Do","2026-07-11"
"yt-UxQJ64BNuco","140653","1169","20240313","The Alex Hormozi Guide to Haters [REVEALED]","2026-07-11"
"yt-INm4U2S7Vu8","140294","568","20230201","Get RICH With These 24 Investing Rules","2026-07-11"
"yt-kX2EJSwOCug","139682","614","20220302","If you think like this, you will stay poor and unhappy...","2026-07-11"
"yt---9kOXNCUdE","137879","3873","20250317","$100M Investor Answers The Most Important Business Questions for 1 Hour","2026-07-11"
"yt-9Dc2UQbQNTo","137662","280","20210510","3 Landing Page Tests To Skyrocket Conversions & Optins","2026-07-11"
"yt-Ikm8tTuA10Q","135894","371","20210728","Why you should NEVER  listen to your parents at any age...","2026-07-11"
"yt-HGZOxBfnF-E","134965","1576","20260414","Building a $1,000,000 Business for a Stranger in 26 Minutes","2026-07-11"
"yt-bHnVItVGJPA","132999","705","20220316","$100M Salesman Reveals #1 Persuasion Hack","2026-07-11"
"yt-4pZwlE86A5Y","131769","798","20221130","A YouTuber Asked Me ""How To Business"". Here's My Answer","2026-07-11"
"yt-sGHbp0Vr1dQ","130940","1180","20211122","Why I don't go home for the holidays","2026-07-11"
"yt-JOfsujnXxCg","128209","1523","20240528","I Posted ONLY Business Content for 30 Days [STRATEGY REVEALED]","2026-07-11"
"yt-6m6DCQMASEM","124730","3574","20240723","10 Millionaires Asked Me How to Get Richer","2026-07-11"
"yt-Ec41cSp_tWc","123907","972","20220307","Why direct response marketers get rich...not wealthy","2026-07-11"
"yt-0_Gf5v8DEMY","122682","2198","20240117","I Helped Business Owners Overcome Their Fear of Failure","2026-07-11"
"yt-Fy8XX8EuEnA","121603","3802","20210126","Big Business Owner Shares 1 YR of Wealth Lessons in 63min","2026-07-11"
"yt-BZQtuK-ucDM","121223","530","20211004","NEVER lower your prices...","2026-07-11"
"yt-bSYfZdAE8Ks","121035","949","20210204","Don't Start a Business Until You Watch This...","2026-07-11"
"yt-yAVI0PS-hzU","120910","581","20201217","Unlock High Income Skills Without a Degree","2026-07-11"
"yt-sij16VKQL2M","116796","334","20220309","The biggest mistake in your 20's that will make you poor in your 30's","2026-07-11"
"yt-cemduJKQl5w","113527","1844","20210128","Recruiting and Hiring Tips - How to Hire The Best Employees","2026-07-11"
"yt-QbDFCbpmI6w","113224","539","20210408","The Actual Secret Behind Mastering Sales & Marketing","2026-07-11"
"yt-IMowPVgcWbA","113060","650","20220705","The SIMPLE Managerial Framework that changed my business","2026-07-11"
"yt-MwhsM7qijy8","112859","705","20220323","6 Ways Small Businesses Beat Big(ger) Competitors...","2026-07-11"
"yt-ZfaZYFx89UU","112516","473","20210611","The 4 Ways Fortunes Are Made (and how I stumbled into one)","2026-07-11"
"yt-HwPXctiw_rY","111767","3777","20250305","STEAL Ryan Reynolds' $1.3B Marketing Strategy [NO FAME REQUIRED]","2026-07-11"
"yt-p39nLmVtOjc","109466","1502","20240603","You Made Your Customers ANGRY... Now What?","2026-07-11"
"yt-jOM0m34dxz4","108924","949","20210910","Netflix's Recurring Revenue Tactics Can Scale Any Business","2026-07-11"
"yt-d0dBZbd13jM","107936","1942","20210604","9 Money Beliefs of the Ultra Wealthy","2026-07-11"
"yt-SbZFTPJ9KZU","107211","583","20211213","The 4 RAREST skills on earth that make BILLIONAIRES...","2026-07-11"
"yt-eX3Ch_HuR70","106257","2600","20250128","Breaking down Rihanna�s Company (Real Tactics You Can Use)","2026-07-11"
"yt-1IhvZC-Wpqs","105005","365","20201229","Marketing Mastery - How To Get Your Ideal Clients To Come To You","2026-07-11"
"yt-FKWEybUIda4","104615","1035","20210820","I quit advertising..this is why","2026-07-11"
"yt-LqC-oXjatmA","103757","428","20210121","The Key To Finding a Profitable Market","2026-07-11"
"yt-8GRfCTu9Lsg","103524","1018","20210901","Brutally Honest Business Lessons I Learned from My Wife","2026-07-11"
"yt-2tHlHWgDRdQ","103209","798","20220204","The reason you are not successful...","2026-07-11"
"yt--j8_YCWZ05Q","100616","1168","20260324","How to Get Your Customers to Stay FOREVER","2026-07-11"
"yt-cHXYi7MqP5c","99616","67","20230823","Behind the Scenes of the $100M Leads Book Launch [OFFICIAL TRAILER]","2026-07-11"
"yt-8C_6qojTA78","98378","2453","20260327","Helping E-Commerce Business Owners Scale","2026-07-11"
"yt-k5-57282taI","97751","552","20260610","How The Top 1% Actually Think About Trust","2026-07-11"
"yt--TOYJHax5x8","96718","913","20220925","How I Wrote A #1 Bestseller with $0 and No Publisher","2026-07-11"
"yt-gN--zZi3Nfc","95976","853","20211203","Why entrepreneurs stay broke and sad [trigger warning]","2026-07-11"
"yt-npi7UeOE_0o","95830","2017","20250215","I Ranked the Best Superbowl Ads 2026 [TIER LIST]","2026-07-11"
"yt-tGhe3sBuk34","91671","639","20250815","My final update","2026-07-11"
"yt-VxKwz6hBVZU","91232","1151","20240607","How to Build a Valuable Company You Can Sell Someday","2026-07-11"
"yt-pmxzhyF0NrE","90859","474","20220530","2 Signs That You Will Become Wealthy One Day..","2026-07-11"
"yt-uRhArskhqms","90036","738","20210913","Entrepreneurs, your lack of focus is killing your business.","2026-07-11"
"yt-7NqsFh5ej0w","89553","525","20220223","The first 5 hires EVERY entrepreneur should make...or go broke...","2026-07-11"
"yt--Pz0NpcILOY","89151","1019","20220328","I increased my wealth EXPONENTIALLY using the power of INVERSE thinking...","2026-07-11"
"yt-bxs5pN0ZnRw","88411","644","20210902","This is my plan to become a BILLIONAIRE.","2026-07-11"
"yt-Kk6Vdfdwmxw","86491","513","20201013","5 Ways To Increase Lead Quality (ALEX HORMOZI)","2026-07-11"
"yt-hrp3ehx_lJM","85570","361","20220806","How I Hacked My Brain to Feel Gratitude All the Time","2026-07-11"
"yt-_33XVdvO4Gc","85281","624","20220330","The day when everything changed for me...","2026-07-11"
"yt-6nkoXslz_pI","84775","492","20220621","Why I don't follow my feelings..","2026-07-11"
"yt-4LeHKDGmEIQ","83159","845","20210209","This is Why You're Not Happy - Eye Opening","2026-07-11"
"yt-_gcqwupsza8","81545","1984","20220214","I Sold My Company at 31: My Detailed Breakdown of the Decision","2026-07-11"
"yt-ahslH-8qoFY","81285","810","20211206","The Truth About Retiring At Age 31","2026-07-11"
"yt-0EqJD2o-Mnk","80531","2031","20260424","Helping 6 Business Owners Scale in 33 Minutes","2026-07-11"
"yt-YUXLJauT4eY","80320","4184","20241130","REVEALING Black Friday Secrets To Use In Your Business (feat. Shopify's President)","2026-07-11"
"yt-BYpTRiRqS1Y","80297","1516","20260403","Helping 4 Educational Business Owners Build a $1M Business in 25 Minutes","2026-07-11"
"yt-Jv3GmZ9Odko","80036","506","20220318","What Millionaires Know That You Don't","2026-07-11"
"yt-bP_rsdO3hWM","78419","226","20220408","Why selfcare makes you poor & fragile [trigger warning]","2026-07-11"
"yt-kW2vDMAmlPI","77891","855","20220216","$100M CEO: How I know who to trust...","2026-07-11"
"yt-A9qHKjFPJ-E","77147","873","20220628","2 Types of Business Risk and the One I Choose EVERY TIME","2026-07-11"
"yt-WsYgWC7NmO8","76898","1106","20220602","Top 10 Fast Business Lessons From My Last 10 Years","2026-07-11"
"yt-E732S9fteRc","76499","603","20211015","5 Things that BILLIONAIRES think about that MILLIONAIRES don't...","2026-07-11"
"yt-c6wfunUDDOs","76306","211","20250813","$100M Money Models Rick Roll","2026-07-11"
"yt-FiL0r5_dUvM","76103","1532","20250506","Build Your Business Like Harvard","2026-07-11"
"yt-To8jcTDwcxc","73288","848","20220623","Why I chose to disappoint my dad","2026-07-11"
"yt-cGup9yYrOoc","73058","667","20211029","How I CRUSH copycats, thieves and competition.","2026-07-11"
"yt-0BZ7-PZR8jE","71901","813","20210415","How I Got 106M Impressions With Ads","2026-07-11"
"yt-JbxxxVXzHEg","70473","310","20211006","5 UNTAPPED Industries that could make you a BILLIONAIRE","2026-07-11"
"yt-YhxiVIQp_ws","69081","547","20210618","How the rich avoid paying taxes...MY strategy - Part 1","2026-07-11"
"yt-kzKxrifSMNg","68736","847","20220420","How the best entrepreneurs REDEFINE reality..","2026-07-11"
"yt-OVhNSzFSoZs","67236","426","20220607","$100M CEO shares the SECRET to the FASTEST road to FINANCIAL FREEDOM","2026-07-11"
"yt-sEQNnsaeiAs","66469","910","20210915","I STARTED AND SOLD 6 BUSINESSES BY AGE 32...my boring formula..","2026-07-11"
"yt-yr1DrcPCKEg","60492","450","20220428","How the ULTRA WEALTHY get loans to buy cool stuff...","2026-07-11"
"yt-Gh9zWsP8JpI","60284","329","20210712","How To Upsell More Customers By Reversing Your Pricing","2026-07-11"
"yt--fV1MZe2vzs","60026","592","20210906","A BILLIONAIRE taught me how to think like a BILLIONAIRE..","2026-07-11"
"yt-FXzDLLdxsCk","59419","809","20220519","$100M CEO teaches the quickest way to increase revenue [without more marketing(or sales)]","2026-07-11"
"yt-xy1h4qqF778","57526","420","20210105","The ""Assumed Close"": How to Close Deals Without Resistance","2026-07-11"
"yt-Q8xXSMe8E4Q","56012","397","20260409","Reacting to My First Videos 10 Years Later","2026-07-11"
"yt-FNJpJG-sSXM","54636","1228","20220406","Biden's tax plan.....","2026-07-11"
"yt-WRW7eY6K4Jo","54591","505","20220425","They lied to you: Why Punishment DOESN'T WORK..","2026-07-11"
"yt-K3cSPJDlcVc","54142","420","20210730","Entrepreneurs Get Stuck For 3 Reasons","2026-07-11"
"yt-AH_R5cZNFFc","53155","422","20211215","*REVEALED* Compensation plans that ACTUALLY WORK...","2026-07-11"
"yt-7C-P-ctmhuU","53080","784","20210528","4 Perspective Shifts That Keep Me Going","2026-07-11"
"yt-EUW3rMp-Uvg","53045","692","20220630","Biggest mistake that stopped me from getting past $30M","2026-07-11"
"yt-JOY6ZzBMb_4","52110","847","20201015","Simple Operational Framework (ALEX HORMOZI)","2026-07-11"
"yt-s59jbVBprn0","50193","683","20210903","Entrepreneurs, stop starting new businesses. Fix the one you've got.","2026-07-11"
"yt-7YMjZgr7sHM","49201","566","20211210","$100M CEO: ""How to make the HARD decisions that change your life""","2026-07-11"
"yt-Q2VUuUGfpNY","49176","673","20210420","6 Hacks To Make More Money [Increase LTV] Without More Customers","2026-07-11"
"yt-eVY4Zo-hpqU","48824","707","20211220","How I Put Out So Much Content Despite Being Part-Time","2026-07-11"
"yt-aOUK4DG0-kM","48226","371","20211101","This first hire nearly bankrupt me...but was worth it..","2026-07-11"
"yt-GDqmlwY_uj4","48111","709","20211129","How I find MILLION DOLLAR opportunities...","2026-07-11"
"yt-aOq1Hdz0w3k","47537","729","20220325","What I look for to invest in companies [no bs]","2026-07-11"
"yt-Ul87yrDKZ78","46184","410","20220609","How to CLOSE THE SALE when the prospect says, ""I left my wallet at home..""","2026-07-11"
"yt-yJfn_pWzFqg","45680","731","20210318","Top Signs You Have The Wrong Business Partner","2026-07-11"
"yt-MLkFOaxIdxM","45604","672","20210816","The Biggest Mistake Everyone is Making","2026-07-11"
"yt-ug5N9qmFVKQ","45355","769","20210802","How I'm building a BILLION DOLLAR empire working 2-3 days per week..","2026-07-11"
"yt-w9Zvk70uj5Q","45325","535","20210216","How To Create Luck","2026-07-11"
"yt-BnvkMpUu-7c","44658","588","20210614","My 4-Part Invesing Model (with real example)","2026-07-11"
"yt-zh0bklzwI3g","43014","615","20210827","How to Pick the Right Mentor","2026-07-11"
"yt-neTSqOAMgao","42391","2971","20211025","Explaining How Anyone Can Make $100M� Offers","2026-07-11"
"yt-5Kt-EYieNko","41883","688","20201124","A Hard Learned Lesson (ALEX HORMOZI)","2026-07-11"
"yt-Lxp-e5NionA","41710","553","20211115","How I recruit the best employees in the world...","2026-07-11"
"yt-gZvW1Hghv6U","41027","653","20211103","the brutal truth behind passive income","2026-07-11"
"yt-RzswhUHnTHA","40459","763","20210825","I spent $2,000,000 and it didn't make me happy..","2026-07-11"
"yt-52tcB5FopAg","39859","488","20211126","How wealthy people avoid paying taxes..my new plan","2026-07-11"
"yt-ebrcIErJi10","38704","500","20211013","Why PRETENDING to be RICH will make you POOR..","2026-07-11"
"yt-EdUAAVKl_io","38421","459","20210818","I Built a Business That Runs Without Me","2026-07-11"
"yt-j2TZMFkj71Q","37297","1904","20260710","8 Entrepreneurs Compete For $100,000 - Episode 2","2026-07-11"
"yt-PxpPynt1mis","37142","551","20210714","Here's Why I Always Give Away a % of My Business","2026-07-11"
"yt-gxKxeie5JFo","37097","594","20210922","Hard Money Lending EXPLAINED [I lent $3,000,000 using this]","2026-07-11"
"yt-f_ceDZqhKbw","37069","565","20211001","""My business has stopped growing..what should I do?""","2026-07-11"
"yt-AM_-lnyY70M","36903","239","20210721","How the rich avoid paying taxes - the Augusta Rule LOOPHOLE","2026-07-11"
"yt-TNQyFxVbkBs","35707","512","20210908","How MILLIONAIRES become BILLIONAIRES...","2026-07-11"
"yt-RsXcCjLtnsA","35577","390","20211105","How I make friends with BILLIONAIRES [5 Steps]","2026-07-11"
"yt-_8olk4-VFP8","34349","643","20211222","7 figure CONFIDENTIAL meeting LEAKED - business growth STRATEGY exposed...","2026-07-11"
"yt-JDkiAxSd5Ms","34265","298","20220730","""My Employees Don't Take My Business Serious...Why?""","2026-07-11"
"yt-pWbSl7d0tEc","34226","2535","20220511","I sold 8 businesses by age 32 [here�s how]","2026-07-11"
"yt-lIC8fYbrkII","33333","410","20210705","How To Scale Yourself: The What-Why-How Framework","2026-07-11"
"yt-s3tH9Sz1fEc","32845","570","20210806","I stepped down as CEO...and created a PASSIVE INCOME machine..","2026-07-11"
"yt-gpKz22P84iM","32699","743","20210531","The Talent Grid - How I Recognize Skill in Self & Team","2026-07-11"
"yt-V7oUcAfof34","32527","506","20210709","I OWN 6 multimillion dollar companies...this is how I do it...","2026-07-11"
"yt-A4L3byKcYQg","30322","594","20210716","Scaling Business Explained With One Formula","2026-07-11"
"yt-DAm0EOes5to","29068","619","20210609","What I Learned After Countless Failed Business Partnerships","2026-07-11"
"yt-EPEjYEihZ1s","27297","755","20210505","Warren Buffett�s #1 Rule for Business Owners","2026-07-11"
"yt-hnfh2jqNVEQ","27206","1149","20201008","Pricing Lessons From a Private Equity God","2026-07-11"
"yt-ZZZNsDs2G_s","26155","529","20210504","Wealth Principle #1: Get Paid First","2026-07-11"
"yt-t9Vv7rK-4Jc","25163","552","20210517","I Broke Down Every High Margin Service Into 6 Buckets [Delivery Cube]","2026-07-11"
"yt-Gy-RmpRif-I","24589","502","20210719","How To Raise Your Prices [plus the letter I actually sent to customers]","2026-07-11"
"yt-MA-5y9s80Qs","23766","429","20211020","The SIMPLE FORMULA that has DESTROYED BILLION DOLLAR BUSINESSES","2026-07-11"
"yt-QtE6kk0158o","23146","471","20211022","Every business is limited by the constraint. Here's how to find it.","2026-07-11"
"yt--is6Z2T2h8o","22692","683","20210429","All Entrepreneurs Have Only 1 Problem...","2026-07-11"
"yt-xQLQoGD6Sjg","22586","410","20210225","The Choice | How To Improve Decision Making Skills","2026-07-11"
"yt-6KRpQvWNpm4","21887","689","20210119","The Realization That Reshaped My Approach To Business","2026-07-11"
"yt-al_WXFDbN8I","21502","1085","20210625","How gurus lie about how much MONEY they make...I'm calling it out..","2026-07-11"
"yt-7wN8n3qrqnQ","21109","748","20201110","Why Coaches Get So Much Hate (ALEX HORMOZI)","2026-07-11"
"yt-4XWlHPyAico","20181","532","20210107","3 Ways To Increase Wealth Through Business Now","2026-07-11"
"yt-imd_QRQbVeY","19573","522","20210112","Negative Emotional Motivation","2026-07-11"
"yt-R9gHvJxHRhA","19297","867","20210830","We're giving away all our money.","2026-07-11"
"yt-iFhiK5zORGk","18387","514","20210616","How To Charge Exorbitant Prices","2026-07-11"
"yt-JSsuK_0kdzA","17744","934","20201126","The Oh Sh*t Moment (ALEX HORMOZI)","2026-07-11"
"yt-awOQDy_o9ww","16651","553","20210507","How to buyback your time as a business owner","2026-07-11"
"yt-3ktgTBNlg7M","15460","935","20201006","What I Would Do If I Had My Gyms (Do This in 2020) [ALEX HORMOZI]","2026-07-11"
"yt-c5Lw12PXkgU","13980","584","20210519","How I Lost $217,000 on A Day Trade & How I Trade Now","2026-07-11"
"yt-FTgJ0mQi0uU","13253","617","20210211","#1 Lesson for Young Entrepreneurs from $100M CEO | Alex Hormozi","2026-07-11"
"yt-sKCrYIWPHLc","12178","578","20210325","I Built My $100M Business WRONG...","2026-07-11"
"yt-9lLLBlo0YXA","12034","253","20201228","Say THIS When Your Competition is CHEAPER","2026-07-11"
"yt-bpPoIOPgoAw","11258","409","20201112","Why I Turned down two people who offered me $50K (ALEX HORMOZI)","2026-07-11"
"yt-noO8ERpgMr4","9770","813","20210524","�The 3 Evil Es� That Almost Killed My Business","2026-07-11"
"yt-3iHzbqKw7GA","8498","311","20201222","No Opportunity is Forever (And this is why thats good...)","2026-07-11"
"yt-vHi18F4yyH4","8442","94","20210104","The Mind-Blowing Reason A Competitor Made Twice As Much As Me","2026-07-11"
"yt-9xFtox66U28","8052","485","20210607","When Money Stopped Mattering","2026-07-11"
"yt-ZuFSLAw2pEI","7406","78","20210101","This Lesson Cost me $5,000,000...","2026-07-11"
"yt-Kj3xhPRJtQA","7221","77","20210108","The Wealthiest 1% Get There By Doing THIS","2026-07-11"
